time_s,rms,zcr,spectral_centroid_hz,spectral_spread_hz,spectral_rolloff_hz,spectral_flatness,spectral_flux,dominant_freq_hz,phase_lock,phase_gradient_var,attack_strength
0.0,0.00621095,0.034423828125,1081.7762064321466,2011.040340632239,1593.75,2.1929385e-05,0.0,269.53125,0.0,7.0395966,0.0
0.021333333333333333,0.00815607,0.039306640625,832.5096370519043,1627.684497019171,1101.5625,4.306131e-06,11.54555,375.0,0.5190157,9.404889,0.0
0.042666666666666665,0.009607818,0.043701171875,677.6533524947797,1181.2598163151433,1089.84375,1.3477427e-06,7.9168687,375.0,0.56116146,7.97569,0.10851324
0.064,0.011410179,0.01611328125,593.1720018362307,728.5940383718503,1019.53125,1.5926916e-07,4.607805,375.0,0.60368,8.504926,0.012978533
0.08533333333333333,0.011237882,0.015625,591.6867208640981,724.0582730855095,1066.40625,1.038438e-07,5.555415,375.0,0.61036044,8.449635,0.007185985
0.10666666666666667,0.011434049,0.013671875,583.3083952964458,722.4258132744394,925.78125,9.5465644e-08,5.635004,281.25,0.6658886,8.364544,0.0079333
0.128,0.011179042,0.013671875,595.1322713642692,733.1367215021726,1089.84375,8.687739e-08,5.4855094,281.25,0.70020723,8.635976,0.0077162716
0.14933333333333335,0.010380538,0.013916015625,617.2160847853269,759.663358631589,1089.84375,1.06937456e-07,4.9189696,281.25,0.6771742,8.925343,0.0090533625
0.17066666666666666,0.010067241,0.015380859375,626.9233137885213,773.1081308453959,1113.28125,1.14352325e-07,6.99363,281.25,0.5901622,8.17247,0.008809136
0.192,0.011224645,0.016357421875,580.4734876135201,709.8254464458173,996.09375,7.858229e-08,6.638621,152.34375,0.5903815,8.718699,0.012438446
0.21333333333333335,0.0131141795,0.015380859375,541.9944139221772,659.5186165963604,890.625,5.4589247e-08,9.378929,375.0,0.6624751,8.676241,0.018224612
0.23466666666666666,0.014385829,0.014404296875,531.1991823325959,666.070130642805,832.03125,5.110107e-08,5.966545,375.0,0.6939219,8.608027,0.013839587
0.256,0.014900226,0.014404296875,529.8565169314421,692.5425701815201,820.3125,6.1464696e-08,6.80114,375.0,0.66033834,8.496063,0.008355384
0.2773333333333333,0.015028843,0.01416015625,544.1183998454211,705.4256761291135,902.34375,7.476761e-08,8.14592,187.5,0.6521137,8.398841,0.013524211
0.2986666666666667,0.017557446,0.014404296875,543.4464592957008,687.3775911757912,843.75,7.30839e-08,7.8458486,187.5,0.63242894,8.578009,0.014730748
0.32,0.01988943,0.015869140625,514.0576579049845,648.9170557441471,750.0,4.3569397e-08,12.867091,386.71875,0.57860756,8.756468,0.0193138
0.3413333333333333,0.021234827,0.0146484375,479.96127528191346,605.0296330246819,726.5625,2.4028301e-08,16.873453,375.0,0.6626834,8.388549,0.027298631
0.3626666666666667,0.021373952,0.0146484375,476.3222187349001,626.7543561312067,679.6875,2.7069154e-08,8.526068,375.0,0.69666916,8.277393,0.016645007
0.384,0.020645,0.014404296875,517.9048114089421,659.1582367288363,785.15625,3.9209308e-08,14.201978,281.25,0.6956853,8.735927,0.008796998
0.4053333333333333,0.019686744,0.0146484375,524.1741684560694,630.6297453941432,785.15625,3.7008764e-08,8.087146,375.0,0.62011206,8.431113,0.027605705
0.4266666666666667,0.018602947,0.01513671875,538.7310231001642,634.9913275532978,785.15625,3.332098e-08,11.589386,375.0,0.6812824,8.447275,0.013901881
0.448,0.017565398,0.0166015625,564.0288936891683,666.5795579979997,867.1875,4.1736378e-08,9.709319,375.0,0.6438867,8.769722,0.021421699
0.4693333333333333,0.015078323,0.017333984375,594.0530003125624,688.0697591524939,937.5,5.8213775e-08,12.554541,187.5,0.6091102,8.379383,0.008206203
0.49066666666666664,0.013222188,0.01708984375,618.9713318157817,694.2820376055939,1007.8125,6.2717106e-08,7.9301624,187.5,0.62826926,8.592745,0.013047713
0.512,0.014816403,0.01708984375,605.8287562803293,692.387421935876,1031.25,5.0701217e-08,13.05818,375.0,0.6126125,8.397295,0.009948426
0.5333333333333333,0.017221395,0.014892578125,584.937121645693,672.4273891079663,914.0625,3.0699542e-08,12.07719,375.0,0.56491566,8.548602,0.0137765175
0.5546666666666666,0.019709183,0.0146484375,549.0545613445256,647.7791990988322,855.46875,2.7665497e-08,7.990308,363.28125,0.5847374,8.24139,0.020672973
0.576,0.021266416,0.01416015625,522.9955590675476,623.4981379220687,832.03125,3.1732164e-08,8.361149,375.0,0.5955159,8.301376,0.024765905
0.5973333333333334,0.021039622,0.013427734375,518.5361832802918,628.5717650247801,832.03125,3.520857e-08,9.956389,375.0,0.6592336,8.651262,0.016696572
0.6186666666666667,0.020839447,0.013427734375,504.20243899568237,634.6388411543131,773.4375,4.1058563e-08,10.768273,363.28125,0.67248344,8.520084,0.02233244
0.64,0.019869523,0.013671875,529.1545605641256,672.2343898797827,843.75,4.492165e-08,9.064127,222.65625,0.61416674,8.214426,0.013876397
0.6613333333333333,0.019073317,0.0146484375,557.3309239763018,655.2991636728743,937.5,4.5763684e-08,9.723112,222.65625,0.6191318,8.661259,0.0125062335
0.6826666666666666,0.018237062,0.01513671875,570.7954144513932,662.1767618880832,996.09375,4.9988948e-08,8.951583,222.65625,0.6694312,8.10918,0.024919761
0.704,0.018005157,0.01513671875,571.3498783058538,708.4343969147402,1007.8125,5.8253576e-08,11.071639,281.25,0.6443881,8.658823,0.010773241
0.7253333333333334,0.01891863,0.0146484375,540.1191854363268,700.548874677857,855.46875,5.7621058e-08,9.126142,281.25,0.58277273,8.35581,0.014242883
0.7466666666666667,0.023653757,0.013671875,523.5938767519488,645.5141381949592,808.59375,4.5445564e-08,13.039554,281.25,0.6114964,8.09329,0.012834541
0.768,0.028596165,0.013916015625,526.7464841963292,597.6015983492638,773.4375,3.031741e-08,20.075106,386.71875,0.6549721,8.59067,0.03375965
0.7893333333333333,0.031680863,0.015380859375,511.85803433070953,579.1114631659408,738.28125,2.190278e-08,21.778053,375.0,0.60848385,8.554909,0.050616838
0.8106666666666666,0.032748904,0.016357421875,533.4632561531115,578.0818065107889,761.71875,2.5460222e-08,12.0201235,375.0,0.620997,8.204797,0.032158434
0.832,0.031286895,0.01611328125,558.3536534303978,634.0181478712134,843.75,3.628245e-08,20.573004,375.0,0.6703336,8.365186,0.030691914
0.8533333333333334,0.028894924,0.0146484375,556.6302504581852,672.61610486328,843.75,5.0056524e-08,19.675386,375.0,0.6612431,8.364495,0.021978408
0.8746666666666667,0.025996104,0.014892578125,566.3157795554961,672.2077671405879,925.78125,5.976596e-08,17.72143,210.9375,0.57081676,8.327833,0.021368131
0.896,0.026206516,0.0146484375,558.445856032657,654.3669626912794,867.1875,6.385171e-08,15.258378,210.9375,0.5428808,8.4154415,0.031090446
0.9173333333333333,0.027309304,0.015869140625,608.9703168026492,668.3947657346635,984.375,4.192371e-08,25.626532,375.0,0.65788686,8.291548,0.018337406
0.9386666666666666,0.02866685,0.017578125,588.7917037710796,628.074074105318,960.9375,2.8454775e-08,13.27396,375.0,0.6356003,8.198908,0.02691071
0.96,0.029322846,0.01611328125,557.7461889453186,604.1385494079123,855.46875,2.2399263e-08,14.564413,375.0,0.65096194,8.579372,0.032471187
0.9813333333333333,0.029682957,0.015380859375,534.0068920419994,625.0049840380025,832.03125,3.0504626e-08,20.5621,363.28125,0.6289479,8.430711,0.03601126
1.0026666666666666,0.029044118,0.015625,524.2173825186529,651.7746678660887,843.75,4.2212466e-08,15.953693,222.65625,0.5662336,8.712083,0.016090851
1.024,0.02986724,0.01513671875,547.8693943047492,662.2995558127969,949.21875,5.755553e-08,14.992194,187.5,0.5653347,8.449486,0.03110485
1.0453333333333332,0.031332783,0.01513671875,542.0491513441495,645.8183984197063,890.625,5.6537417e-08,24.921413,187.5,0.65830034,8.738752,0.03145237
1.0666666666666667,0.03432468,0.0146484375,528.3270682351318,635.7570783729767,925.78125,4.607131e-08,25.039675,281.25,0.6639605,8.200512,0.04105252
1.088,0.03490612,0.013427734375,506.732110789185,622.4693085819795,843.75,3.2292473e-08,17.928003,281.25,0.6104356,8.714788,0.025069369
1.1093333333333333,0.039656475,0.01318359375,492.9312050115084,610.9316938381734,785.15625,2.7546685e-08,18.599825,281.25,0.66306466,8.2319975,0.041267186
1.1306666666666667,0.042948067,0.01318359375,489.9727121803881,589.7769090877117,750.0,2.270695e-08,23.266798,281.25,0.6022723,8.315223,0.034828812
1.152,0.044771098,0.014404296875,483.6783414020683,564.8537625562735,738.28125,1.8780154e-08,33.529903,375.0,0.6211842,8.269293,0.05068516
1.1733333333333333,0.046340875,0.01513671875,497.8215148110253,587.7031450866181,738.28125,2.6746473e-08,24.193073,375.0,0.6568826,8.643267,0.044261836
1.1946666666666668,0.044047717,0.014404296875,545.0596108948617,638.8710646560564,902.34375,3.9477655e-08,23.94673,375.0,0.67376155,8.516314,0.055955175
1.216,0.042642973,0.01513671875,537.902281295643,643.6638374246164,925.78125,4.348298e-08,31.240334,386.71875,0.6332048,8.438026,0.042374898
1.2373333333333334,0.041464634,0.014404296875,543.1993059993774,662.5065976026596,855.46875,4.2219806e-08,23.158184,210.9375,0.5513493,8.2803,0.04461823
1.2586666666666666,0.04617983,0.01416015625,553.4742601107394,663.3280356732031,843.75,4.320071e-08,25.353909,375.0,0.569486,8.59111,0.038910586
1.28,0.050528876,0.015380859375,553.4162414893659,645.7154372571598,855.46875,2.8211707e-08,35.82796,375.0,0.62264466,8.379044,0.046959385
1.3013333333333332,0.05433383,0.01611328125,544.1752660245257,622.3318664412587,925.78125,2.1211049e-08,34.115948,375.0,0.5792221,8.418819,0.0559906
1.3226666666666667,0.054864947,0.0166015625,571.4779009601576,617.832617098825,996.09375,1.8114411e-08,28.764471,375.0,0.5695666,8.711838,0.07406789
1.344,0.057052642,0.01513671875,555.7974128736698,612.859322609746,972.65625,2.452321e-08,41.460667,375.0,0.5955688,7.968175,0.06748729
1.3653333333333333,0.05785421,0.014404296875,554.662540637309,734.4401883890276,984.375,7.345838e-08,41.7053,210.9375,0.6334585,8.053003,0.06374959
1.3866666666666667,0.061523218,0.01318359375,537.6689176598478,798.929926718351,855.46875,7.026439e-08,36.001488,210.9375,0.5463917,8.930853,0.03576694
1.408,0.061379496,0.013671875,529.8400398678239,682.7153933214173,843.75,4.8618666e-08,28.924574,375.0,0.61416304,8.266567,0.07634024
1.4293333333333333,0.058835056,0.01416015625,530.0561611558563,609.6008791635476,855.46875,2.039201e-08,38.198444,375.0,0.66626626,8.280938,0.06952651
1.4506666666666668,0.055412147,0.013916015625,550.4287789579489,645.5414436138624,937.5,1.924565e-08,31.23445,281.25,0.6528486,8.391051,0.05138511
1.472,0.051541384,0.0146484375,535.046190744662,641.450021010567,878.90625,2.0806018e-08,29.373251,281.25,0.62013376,8.685457,0.04072687
1.4933333333333334,0.056927416,0.01318359375,538.076563066,639.8384396791694,832.03125,2.2250923e-08,35.38091,281.25,0.6344948,8.622404,0.047065735
1.5146666666666666,0.059319388,0.013916015625,529.632106109012,627.8715881423557,820.3125,1.8315614e-08,46.18395,375.0,0.6439301,8.318941,0.057975683
1.536,0.064643934,0.01513671875,543.5175379771267,627.4338481119158,832.03125,2.0392024e-08,36.104454,375.0,0.64687055,8.528212,0.11181956
1.5573333333333332,0.06422057,0.014892578125,554.8076275024343,630.7630701405194,984.375,2.0738382e-08,32.81647,375.0,0.66139644,8.501902,0.060855955
1.5786666666666667,0.063305646,0.014892578125,586.9145851186801,660.4937838654222,1019.53125,2.5671108e-08,47.39494,210.9375,0.5921746,8.59111,0.058295377
1.6,0.06069939,0.017333984375,580.2388630899625,686.2961892360196,996.09375,2.3833698e-08,32.912144,210.9375,0.5449874,8.456249,0.07021917
1.6213333333333333,0.059064392,0.016357421875,583.870671277087,695.495145752148,925.78125,2.7175886e-08,30.803064,328.125,0.58106613,8.740446,0.05035508
1.6426666666666667,0.061359916,0.016357421875,588.9977618721426,693.1807413856278,937.5,2.3926221e-08,34.72054,375.0,0.6656693,8.493762,0.059590623
1.664,0.06275519,0.016845703125,593.0378801556943,694.2515786362665,1007.8125,2.2317296e-08,34.442226,375.0,0.66389203,8.6582985,0.058911745
1.6853333333333333,0.06691343,0.01513671875,605.6657100379867,705.2504664657292,1007.8125,2.5655751e-08,31.783884,375.0,0.63935006,8.400547,0.09145801
1.7066666666666668,0.06776846,0.015380859375,595.9346276781273,686.6575157586099,1066.40625,2.476782e-08,31.881035,375.0,0.6385829,8.570456,0.06501886
1.728,0.070391946,0.014892578125,569.4657886367069,687.971308742683,1019.53125,2.4990593e-08,34.641155,375.0,0.63696676,8.396799,0.10549796
1.7493333333333334,0.07366795,0.015869140625,554.6545698493682,697.2658441687912,984.375,3.334776e-08,33.539433,375.0,0.5996831,8.083576,0.058030885
1.7706666666666666,0.075702354,0.015380859375,560.2746893090036,695.6876604942208,984.375,3.818632e-08,28.491371,375.0,0.5889126,8.590288,0.07950466
1.792,0.07922682,0.016357421875,562.3133021430218,712.9604402651344,996.09375,3.7292025e-08,34.204742,375.0,0.6379287,8.304716,0.113197155
1.8133333333333332,0.07954139,0.01611328125,574.2081378504269,724.3612653983771,1007.8125,4.689744e-08,33.176952,375.0,0.6336924,8.704877,0.1070894
1.8346666666666667,0.08011226,0.014892578125,551.6345195834939,718.9706365510491,949.21875,5.3495206e-08,42.591515,281.25,0.5738662,8.625732,0.12006513
1.856,0.0833306,0.0146484375,521.9331386958243,718.4731065342822,832.03125,4.0995086e-08,40.20116,187.5,0.56415594,8.500112,0.057362873
1.8773333333333333,0.092033274,0.013427734375,544.5908712785282,725.6135217427812,843.75,3.860659e-08,46.301857,187.5,0.54058236,8.486454,0.0610505
1.8986666666666667,0.0929122,0.014404296875,537.1446359490803,713.8581591910911,843.75,3.1848565e-08,57.749405,187.5,0.56559,8.469191,0.09522828
1.92,0.09445111,0.013916015625,521.4107128863857,709.7123824068301,843.75,3.0512084e-08,47.15089,375.0,0.5785102,8.46762,0.1298026
1.9413333333333334,0.09751562,0.013427734375,550.6473061500966,741.1660727401428,996.09375,4.107215e-08,50.83282,105.46875,0.5667883,8.432198,0.08913301
1.9626666666666666,0.09819063,0.012939453125,572.2742161050413,749.9244453249474,1007.8125,4.454243e-08,35.136593,105.46875,0.5557668,8.409956,0.103273064
1.984,0.107980914,0.01318359375,568.2804889135389,741.3223828863423,972.65625,3.6010356e-08,69.16276,375.0,0.612101,8.573642,0.08705852
2.005333333333333,0.11508397,0.014404296875,573.6631010658415,757.9568897490783,937.5,2.8182667e-08,51.9833,375.0,0.63676935,8.634633,0.12993312
2.026666666666667,0.120936275,0.01416015625,586.8560224846128,763.0130488590872,937.5,2.6276096e-08,38.798874,375.0,0.6455724,8.449532,0.10918566
2.048,0.12014391,0.015625,567.8269243644506,737.4725757616939,984.375,2.5932641e-08,77.05295,375.0,0.6131139,8.551041,0.17820203
2.0693333333333332,0.11369601,0.013671875,595.5540204905972,759.6823575418287,1019.53125,3.2261866e-08,64.07509,222.65625,0.58446074,8.569391,0.15965466
2.0906666666666665,0.10850881,0.0146484375,607.5529767068799,776.013911500418,1101.5625,4.358213e-08,74.77763,222.65625,0.5762953,8.46134,0.12477231
2.112,0.10833214,0.015625,623.4303831164079,818.3632867668913,1089.84375,5.177077e-08,52.72997,222.65625,0.6010024,8.424626,0.14328542
2.1333333333333333,0.11384022,0.01513671875,610.6091107739823,795.1927168645269,1019.53125,4.1526604e-08,82.8246,375.0,0.52343136,8.7984915,0.15175155
2.1546666666666665,0.11915919,0.017333984375,612.8318013197877,794.704224691986,1042.96875,3.7853514e-08,53.45789,375.0,0.5428786,8.610081,0.17900476
2.176,0.12123106,0.016357421875,608.5750355461996,826.8142210441923,1089.84375,3.880505e-08,78.231544,375.0,0.58558166,8.413694,0.17318049
2.1973333333333334,0.122326724,0.017578125,616.1168812176041,812.3976063309743,1031.25,4.6488083e-08,78.05661,281.25,0.6021318,8.427265,0.09483259
2.2186666666666666,0.11973507,0.016845703125,603.9831074211301,803.9444197047243,984.375,5.0968556e-08,79.03125,281.25,0.5243742,8.629966,0.19919345
2.24,0.12539297,0.015625,586.578374197522,809.6290080584814,984.375,5.431458e-08,76.499245,199.21875,0.5423075,8.604851,0.18385749
2.2613333333333334,0.13465986,0.01611328125,611.6839946194827,839.1777070868775,1007.8125,6.115901e-08,89.592155,187.5,0.5933075,8.629744,0.13107283
2.2826666666666666,0.12882851,0.015380859375,588.1991491166041,811.1036222986032,1007.8125,4.744087e-08,76.57374,210.9375,0.5159211,8.583291,0.17966308
2.304,0.12873377,0.017333984375,602.3370517446693,847.659339225515,1007.8125,5.8369807e-08,65.87818,187.5,0.5371375,8.387365,0.12546581
2.3253333333333335,0.13550682,0.017578125,633.9843396116922,869.3050759502186,1019.53125,6.173142e-08,61.35888,105.46875,0.5517944,8.505918,0.13370392
2.3466666666666667,0.13872313,0.01708984375,624.6431526188251,844.3883546654434,1007.8125,4.8447017e-08,99.69147,375.0,0.55941427,8.631664,0.19892366
2.368,0.15564138,0.017333984375,640.0393832540747,856.8901869643564,1042.96875,4.1255237e-08,88.31616,375.0,0.5659175,8.462704,0.21793419
2.3893333333333335,0.17553835,0.01611328125,659.9237248122349,868.487278441374,1101.5625,3.8479644e-08,78.181564,375.0,0.58310455,8.346819,0.17004873
2.4106666666666667,0.1749447,0.01708984375,637.5740381083979,855.0212091975922,1054.6875,3.500592e-08,92.9124,375.0,0.5897373,8.582243,0.22830021
2.432,0.17828164,0.01806640625,635.6023613728032,855.6557999625924,1066.40625,4.327642e-08,54.67125,375.0,0.59147394,8.461801,0.24073793
2.453333333333333,0.18846396,0.015869140625,652.6902160820872,867.5324895631185,1066.40625,5.5084744e-08,100.744385,375.0,0.6585374,8.489807,0.21902552
2.474666666666667,0.18224445,0.01611328125,634.8417605561414,860.6522804637116,1042.96875,5.7248656e-08,117.500694,375.0,0.6307701,8.618898,0.24863206
2.496,0.18581912,0.0146484375,639.6764261519766,887.1926245456594,1019.53125,4.7245326e-08,89.50142,210.9375,0.5498175,8.520557,0.25715166
2.517333333333333,0.1817801,0.01318359375,662.7622398222622,903.0320392364438,1054.6875,4.5603027e-08,78.91072,375.0,0.53298354,8.4114895,0.23069282
2.538666666666667,0.17617017,0.013916015625,672.9314278240431,933.2923089417607,1113.28125,6.1522336e-08,118.29095,375.0,0.5878908,8.557265,0.19914527
2.56,0.18073764,0.01416015625,672.2612178195826,933.8114593068387,1125.0,6.098028e-08,94.632774,375.0,0.5813857,8.5726595,0.16881196
2.5813333333333333,0.18948086,0.01513671875,649.6911345170012,905.4205024594081,1031.25,5.018222e-08,107.05978,210.9375,0.5056653,8.518396,0.28770164
2.6026666666666665,0.18803662,0.015869140625,604.8788254415641,894.1090399873907,949.21875,4.7405777e-08,108.583206,210.9375,0.52523416,8.563388,0.2581052
2.624,0.20439322,0.0166015625,647.3847256828972,915.7749881117786,1054.6875,6.632913e-08,120.1343,199.21875,0.58830833,8.620394,0.16838998
2.6453333333333333,0.20321068,0.015869140625,641.7352836478254,873.9340276274812,1066.40625,5.4002708e-08,132.74496,210.9375,0.55836546,8.708602,0.27678025
2.6666666666666665,0.19613607,0.015625,634.8545513559317,890.8665880142189,1054.6875,4.228755e-08,87.962135,210.9375,0.5180404,8.36143,0.3068366
2.688,0.20818026,0.017333984375,673.3248385430387,947.03460962931,1113.28125,5.9781826e-08,129.90096,222.65625,0.5463842,8.54231,0.17358668
2.7093333333333334,0.19946726,0.0166015625,688.3049589731451,943.7204867004253,1136.71875,5.803554e-08,109.70848,328.125,0.6166685,8.424274,0.20859174
2.7306666666666666,0.21263924,0.016845703125,670.0674537478429,915.725681992769,1125.0,4.3834245e-08,122.3842,375.0,0.5970585,8.584606,0.12646744
2.752,0.22968182,0.01708984375,655.3831403105123,901.0044163088684,1113.28125,3.1901486e-08,84.91309,375.0,0.60062414,8.546352,0.3589217
2.7733333333333334,0.2381965,0.01513671875,666.432835713886,912.3132630161462,1054.6875,2.9343466e-08,115.16392,375.0,0.62466234,8.564107,0.18272412
2.7946666666666666,0.23470403,0.0146484375,642.6294669346728,900.5835657997887,996.09375,3.1784978e-08,62.196426,375.0,0.64579904,8.654063,0.29827136
2.816,0.23245846,0.014404296875,654.3479869067065,884.8341392744325,1007.8125,3.3874993e-08,81.49347,375.0,0.6538719,8.467942,0.17288205
2.8373333333333335,0.22499086,0.01416015625,677.312368809969,873.6256884613489,1089.84375,4.066913e-08,83.32878,375.0,0.6381144,8.510836,0.2798417
2.8586666666666667,0.21656114,0.013671875,692.6234986161938,925.6010635041523,1136.71875,4.42832e-08,93.63916,222.65625,0.59605426,8.559997,0.30436742
2.88,0.21349436,0.014404296875,712.8118825162002,961.939746088532,1253.90625,4.5229914e-08,85.5319,375.0,0.5633571,8.463126,0.25764933
2.9013333333333335,0.20859116,0.0146484375,705.4619332931662,976.3793542348974,1183.59375,5.5981015e-08,139.34128,375.0,0.6008785,8.292971,0.1864079
2.9226666666666667,0.21703613,0.013427734375,680.0935112185946,976.9778523656354,1125.0,5.6793468e-08,167.1443,222.65625,0.5988213,8.668116,0.18553613
2.944,0.20730396,0.013427734375,664.9621658368251,948.7043339900464,1125.0,4.1383824e-08,162.86754,210.9375,0.46944806,8.50665,0.26579538
2.965333333333333,0.22111897,0.0126953125,708.1259169352865,963.5021991983967,1265.625,4.7636085e-08,115.08606,210.9375,0.5036151,8.580965,0.2510851
2.986666666666667,0.2308673,0.0126953125,664.7232956995938,939.3522466479001,1136.71875,4.2715808e-08,76.68454,210.9375,0.5113733,8.394802,0.28704202
3.008,0.2408841,0.013671875,644.6090085550071,915.2531551914284,1125.0,3.9304982e-08,130.08598,210.9375,0.5424712,8.687065,0.21771288
3.029333333333333,0.26313236,0.0146484375,646.3065191799718,901.1080796164183,1125.0,3.6444447e-08,109.74124,210.9375,0.5872333,8.756489,0.35693672
3.050666666666667,0.2645955,0.015625,608.6296212734655,870.9920415928818,1007.8125,3.4181724e-08,98.51959,375.0,0.6093054,8.367039,0.27225435
3.072,0.2561566,0.0166015625,648.1841622020638,883.6526262194011,1007.8125,3.905593e-08,169.17145,375.0,0.6264048,8.481338,0.16923401
3.0933333333333333,0.22552378,0.016845703125,682.2458166999827,908.403503372732,1101.5625,4.5861974e-08,115.151886,375.0,0.6443057,8.6567955,0.40106517
3.1146666666666665,0.21433829,0.017578125,710.7007899302305,941.0070584462904,1207.03125,5.9407135e-08,126.30598,375.0,0.6497967,8.601908,0.1860487
3.136,0.20866325,0.01904296875,701.2293693731671,932.2197004309933,1242.1875,6.178124e-08,136.68474,328.125,0.5535443,8.674911,0.27634585
3.1573333333333333,0.21862756,0.017578125,682.2743404323747,935.4623438600704,1066.40625,4.4693795e-08,133.98648,375.0,0.5419364,8.4818535,0.33350915
3.1786666666666665,0.2535452,0.017822265625,651.965352547224,901.7313506697326,996.09375,3.972241e-08,138.37318,375.0,0.5942614,8.565311,0.22709952
3.2,0.26257214,0.0166015625,612.1551080944016,843.522421094823,902.34375,3.0284934e-08,177.02542,375.0,0.6268885,8.644694,0.25195864
3.2213333333333334,0.24854471,0.015380859375,610.4295881124245,836.2140462051616,890.625,2.8232213e-08,138.76993,210.9375,0.5890718,8.693614,0.3240913
3.2426666666666666,0.23459043,0.015869140625,701.4558844486978,959.0076086306038,1113.28125,4.8254233e-08,174.67294,210.9375,0.53656393,8.398464,0.36799467
3.264,0.20459345,0.01611328125,764.9672838560579,1014.250063972517,1265.625,6.234183e-08,212.26088,375.0,0.5619968,8.420486,0.23784342
3.2853333333333334,0.20034218,0.014404296875,750.6823160177187,1015.4954856695997,1242.1875,5.3544984e-08,112.22434,375.0,0.5803406,8.476,0.2229645
3.3066666666666666,0.20405208,0.013671875,720.5450721752601,989.5871132849456,1230.46875,4.623922e-08,176.17636,210.9375,0.553331,8.882025,0.17305392
3.328,0.23232667,0.013671875,729.3487509950876,974.008717693337,1242.1875,4.190905e-08,161.9362,210.9375,0.50488967,8.4725,0.3434871
3.3493333333333335,0.23951547,0.01318359375,722.7414477732805,945.0926870754749,1242.1875,4.2396557e-08,117.29283,210.9375,0.515318,8.424206,0.3341556
3.3706666666666667,0.25679037,0.01513671875,664.9106986833899,901.518239801518,1066.40625,4.086331e-08,167.11513,210.9375,0.49165606,8.505032,0.2928773
3.392,0.28477204,0.014404296875,657.6277054586465,885.4834218106794,1113.28125,3.349328e-08,232.86813,210.9375,0.5502125,8.678553,0.425972
3.4133333333333336,0.2747902,0.0146484375,622.2825843492376,860.3345659752346,1007.8125,2.9536617e-08,143.35458,210.9375,0.63218147,8.502206,0.37490287
3.4346666666666668,0.27182963,0.015869140625,631.332573323947,880.0698046668538,1007.8125,3.7260463e-08,154.03468,375.0,0.62317395,8.33527,0.22603726
3.456,0.2463028,0.015380859375,680.6598823397321,899.5560471553313,1183.59375,5.226162e-08,161.88318,375.0,0.6015622,8.5246105,0.32146376
3.477333333333333,0.22332507,0.0166015625,715.1289936421366,922.1120541945506,1242.1875,5.8487476e-08,124.910904,375.0,0.60038507,8.50936,0.25513723
3.498666666666667,0.2116967,0.0166015625,702.1330554032048,908.3737286229491,1136.71875,5.1026912e-08,149.49463,375.0,0.6120583,8.575703,0.19531336
3.52,0.22041166,0.015625,696.8133392551844,917.4975530323655,1125.0,4.377506e-08,109.36566,328.125,0.5835278,8.69355,0.3028089
3.541333333333333,0.23139632,0.01611328125,692.777929034646,907.0214300714247,1195.3125,4.4394046e-08,142.18095,328.125,0.6298084,8.412598,0.22410518
3.562666666666667,0.24183762,0.01611328125,654.1640631479565,900.6981194972601,1007.8125,3.8999254e-08,108.56766,328.125,0.6257198,8.654336,0.28917763
3.584,0.23113176,0.015625,658.0831458933507,880.8200912569614,1031.25,3.890782e-08,132.30206,375.0,0.5909671,8.365554,0.22193898
3.6053333333333333,0.21709083,0.0166015625,699.0852159146162,932.4988115956288,1113.28125,5.0226035e-08,111.72654,375.0,0.57011485,8.731518,0.31801474
3.6266666666666665,0.21366365,0.015625,765.2513647958149,1017.4838923537499,1300.78125,7.1546125e-08,138.4879,375.0,0.5365997,8.523644,0.20945828
3.648,0.19519253,0.015869140625,711.2598664938591,990.0980470906359,1242.1875,4.9908927e-08,165.43427,222.65625,0.49717867,8.344156,0.16893215
3.6693333333333333,0.20469601,0.017578125,716.9808993313688,977.7498405220938,1253.90625,4.3337835e-08,104.271645,222.65625,0.4698772,8.696568,0.16863094
3.6906666666666665,0.20563455,0.018310546875,752.6611377773376,966.1989294057522,1277.34375,5.5103673e-08,115.858086,222.65625,0.4723005,8.580532,0.2818298
3.712,0.19954696,0.0185546875,780.8735001094317,960.8052075408228,1335.9375,7.110895e-08,134.9281,210.9375,0.5079378,8.605148,0.28866327
3.7333333333333334,0.2048737,0.019775390625,747.0007419614708,946.7093442194246,1324.21875,6.706311e-08,157.44437,199.21875,0.5589286,8.558126,0.28252137
3.7546666666666666,0.24706255,0.017333984375,692.8620183605983,932.9815595638764,1148.4375,5.568724e-08,145.73012,375.0,0.61324644,8.380003,0.27161205
3.776,0.26632422,0.01513671875,654.0884435034152,884.9137740308229,1066.40625,3.944327e-08,184.92438,375.0,0.6015776,8.511762,0.21353242
3.7973333333333334,0.26649675,0.0166015625,642.2121035229015,887.1979511402508,1019.53125,3.658189e-08,100.572655,375.0,0.6384814,8.478806,0.3575823
3.8186666666666667,0.25879413,0.01416015625,684.3344961674107,900.398214615689,1230.46875,4.417572e-08,162.54268,375.0,0.6152408,8.648518,0.23376994
3.84,0.21751568,0.0146484375,741.9812945932534,944.2827074139592,1300.78125,5.902879e-08,155.33398,281.25,0.6357934,8.391481,0.36274853
3.8613333333333335,0.21287854,0.014892578125,763.7504115067117,965.4247144834289,1312.5,7.342019e-08,139.66508,328.125,0.6426121,8.393862,0.21727481
3.8826666666666667,0.22329785,0.013671875,709.2578420729698,910.3104421664602,1160.15625,5.6631833e-08,161.83794,328.125,0.6140895,8.613783,0.23175439
3.904,0.25440663,0.0146484375,714.1439853974086,921.6197016191429,1136.71875,5.108469e-08,119.873276,328.125,0.6163005,8.688742,0.30738828
3.925333333333333,0.26711595,0.01611328125,692.4582336339082,907.9593935570565,1054.6875,4.136088e-08,114.5165,328.125,0.6243561,8.452718,0.3918145
3.9466666666666668,0.25969142,0.017333984375,666.2045632088665,886.1669961064365,1031.25,3.690696e-08,132.68427,328.125,0.6166524,8.41605,0.3091383
3.968,0.24092613,0.0185546875,714.3932266242942,897.6865403744738,1125.0,4.7833865e-08,127.18091,328.125,0.59818316,8.793052,0.17166813
3.989333333333333,0.20843656,0.019775390625,795.6835663819335,980.7806979906372,1312.5,7.5565794e-08,152.00557,375.0,0.59802306,8.435616,0.38487566
4.010666666666666,0.20027171,0.0185546875,772.9897505698652,1006.0485913024934,1300.78125,7.977289e-08,120.95504,375.0,0.5431129,8.953776,0.1725619
4.032,0.19630638,0.017333984375,743.6019351713994,996.1150252190002,1277.34375,5.4830057e-08,138.04054,210.9375,0.4918003,8.445372,0.21853454
4.053333333333334,0.20580277,0.01708984375,764.2870481046547,972.0972490557926,1312.5,4.4895923e-08,165.53986,210.9375,0.49046713,8.2778,0.22076544
4.074666666666666,0.21065794,0.0166015625,821.517321948473,993.8742564965855,1476.5625,6.322966e-08,80.51155,210.9375,0.4554852,8.650501,0.26025015
4.096,0.21798171,0.017578125,831.0497599360876,1004.0761021452578,1488.28125,7.788205e-08,152.16513,210.9375,0.5307607,8.493969,0.3364098
4.117333333333334,0.24062036,0.01708984375,786.905457757958,982.47763629942,1359.375,6.395024e-08,141.69633,375.0,0.58441573,8.722158,0.23619047
4.1386666666666665,0.27054858,0.015625,705.3617466317471,947.536699307035,1242.1875,3.690186e-08,174.35991,375.0,0.60349894,8.318138,0.39339972
4.16,0.27941084,0.01513671875,666.2087103785208,912.7440881242597,1113.28125,2.9832783e-08,163.46152,375.0,0.6281935,8.349458,0.3760837
4.181333333333333,0.2646169,0.015869140625,672.7396432671223,909.481108884084,1066.40625,3.7077324e-08,118.53965,210.9375,0.6167162,8.412393,0.29225582
4.2026666666666666,0.23189704,0.01806640625,742.4450451976235,952.63176677817,1324.21875,6.2609665e-08,194.07059,281.25,0.60317886,8.593529,0.26531383
4.224,0.20170404,0.018798828125,793.0254955531128,1004.3086965587073,1394.53125,9.639743e-08,163.43002,281.25,0.59925514,8.209675,0.26969463
4.245333333333333,0.19970864,0.0185546875,762.9992864859854,991.1530559037253,1324.21875,8.594224e-08,166.22394,339.84375,0.61646265,8.410723,0.106084146
4.266666666666667,0.22897825,0.016845703125,722.7903627362177,950.8397395463389,1125.0,6.1438016e-08,161.43877,328.125,0.5970793,8.48119,0.30950508
4.288,0.25958174,0.01513671875,727.32239968733,924.5867333639117,1113.28125,5.138495e-08,149.7789,328.125,0.6306466,8.726378,0.29835096
4.309333333333333,0.26019803,0.0166015625,691.8727418677832,901.6882195805924,1031.25,4.1736968e-08,128.06621,328.125,0.64122355,8.494419,0.519834
4.330666666666667,0.24643873,0.017822265625,721.1054954095713,891.4981323069317,1218.75,4.606308e-08,153.29501,375.0,0.63481456,8.707573,0.24688233
4.352,0.2173429,0.0205078125,796.9537902120309,940.551992558614,1347.65625,6.730788e-08,144.82072,375.0,0.63270396,8.431869,0.2249223
4.373333333333333,0.1875377,0.02099609375,818.0394022614962,1027.229444355414,1429.6875,7.900329e-08,145.9446,375.0,0.5762911,8.428913,0.20943946
4.394666666666667,0.1725383,0.020263671875,798.5920247862734,1057.5054988064153,1371.09375,6.899405e-08,92.04757,222.65625,0.5249235,8.596378,0.21650967
4.416,0.18268584,0.020263671875,803.6565900959911,1066.1107540565924,1464.84375,5.854562e-08,96.345955,222.65625,0.4700189,8.361823,0.14643988
4.437333333333333,0.19647744,0.019287109375,791.4247349450849,1004.0011620186416,1324.21875,5.6275827e-08,100.345245,210.9375,0.48418313,8.441511,0.23314528
4.458666666666667,0.2100215,0.02001953125,785.566566797049,946.5931942078716,1289.0625,5.419199e-08,135.54079,375.0,0.5854266,8.531763,0.34062994
4.48,0.21886714,0.019775390625,788.8852144104782,955.0746181482388,1324.21875,5.6140014e-08,123.50094,375.0,0.6235733,8.536396,0.2834818
4.501333333333333,0.24431737,0.01806640625,747.5191448956061,969.7678842484678,1265.625,5.182515e-08,118.26838,375.0,0.6055826,8.484129,0.25480714
4.522666666666667,0.2604433,0.0166015625,687.0212398589092,936.3428397900011,1136.71875,3.882593e-08,144.0293,375.0,0.5862756,8.637126,0.26333734
4.544,0.25272322,0.015625,663.2164462628688,927.5399644787971,1031.25,3.63608e-08,108.836174,375.0,0.62149584,8.530355,0.2934128
4.565333333333333,0.24640799,0.017333984375,706.183344927187,943.2411676444968,1300.78125,5.044233e-08,162.30861,210.9375,0.5854793,8.614033,0.287523
4.586666666666667,0.23076664,0.0185546875,775.5316974814466,982.294958555578,1464.84375,7.0489236e-08,186.0346,281.25,0.5634429,8.488935,0.3806395
4.608,0.21129873,0.017822265625,721.883703128764,953.3993777827427,1265.625,6.138877e-08,167.97404,210.9375,0.595334,8.710205,0.15047702
4.629333333333333,0.24619235,0.0166015625,704.5762160253545,927.4632601283363,1125.0,4.8600572e-08,122.47569,210.9375,0.5694582,8.650494,0.34270185
4.650666666666667,0.2864397,0.01416015625,684.7208002180859,908.0825950513496,1125.0,3.2159356e-08,135.91072,210.9375,0.54876304,8.311821,0.3267898
4.672,0.2918809,0.0126953125,650.1043515693652,879.3136173076687,1019.53125,2.3620032e-08,185.27806,210.9375,0.50388896,8.524824,0.4131835
4.693333333333333,0.28918827,0.015380859375,638.9586504684374,851.9028538640163,996.09375,2.9864e-08,176.47891,210.9375,0.52711254,8.551794,0.36362612
4.714666666666667,0.26194826,0.01708984375,728.1558950219602,894.2585980790425,1195.3125,5.1521663e-08,232.76189,375.0,0.6003437,8.732763,0.21400739
4.736,0.22146127,0.017333984375,749.9506512079861,948.7226141087198,1312.5,5.8830718e-08,151.60341,210.9375,0.5552723,8.558907,0.41108513
4.757333333333333,0.19613269,0.019775390625,737.5499815812186,969.0358009654851,1300.78125,5.658491e-08,135.61212,210.9375,0.49329612,8.870272,0.13258287
4.778666666666667,0.19414197,0.018310546875,735.1685215070936,994.8728653633927,1300.78125,5.590681e-08,90.83033,375.0,0.5016387,8.318685,0.2050801
4.8,0.20645538,0.020263671875,762.8415384175718,1009.4332373390688,1300.78125,5.9391102e-08,97.97848,210.9375,0.5140366,8.687541,0.105159216
4.8213333333333335,0.21607119,0.020263671875,748.9292424263101,944.7450159240516,1253.90625,5.0982276e-08,131.06982,375.0,0.565163,8.649018,0.37611243
4.842666666666666,0.2391566,0.01953125,758.1186142478189,932.2658054669873,1312.5,3.93334e-08,120.60803,375.0,0.57130724,8.504538,0.26389053
4.864,0.2599157,0.01806640625,741.6033829756634,945.044361813416,1289.0625,4.018314e-08,100.45225,375.0,0.5580754,8.410339,0.29945084
4.8853333333333335,0.26416612,0.015625,685.7233646183709,924.4475720489366,1125.0,3.6543746e-08,126.42893,375.0,0.5425321,8.711351,0.2682815
4.906666666666666,0.25744295,0.01513671875,664.4302387255347,922.5780073084279,1148.4375,3.3268076e-08,114.2068,210.9375,0.5611204,8.413421,0.2501823
4.928,0.24127966,0.015625,680.5773831390188,923.6730134047793,1136.71875,4.633118e-08,148.43338,210.9375,0.5689682,8.632467,0.24049047
4.949333333333334,0.24703515,0.016357421875,726.8140404059535,948.2214697014598,1335.9375,6.367278e-08,132.42738,210.9375,0.53979415,8.523329,0.25533032
4.970666666666666,0.2319719,0.015869140625,676.5263676225392,883.4147594384383,1042.96875,5.8880772e-08,178.93272,210.9375,0.57398707,8.652734,0.33075416
4.992,0.22523205,0.01611328125,669.414144256266,879.256141104014,1007.8125,5.53649e-08,132.73291,210.9375,0.5800845,8.513239,0.31763008
5.013333333333334,0.23156391,0.015869140625,728.486696179793,939.8711478072523,1218.75,6.509041e-08,177.14232,328.125,0.59579825,8.358496,0.20355979
5.034666666666666,0.2251201,0.016357421875,724.7102282984627,917.0759766800195,1277.34375,4.2430894e-08,107.08687,328.125,0.57668316,8.447313,0.23324724
5.056,0.23492311,0.016357421875,674.6265932143172,866.139241732014,1089.84375,3.1615937e-08,158.96776,210.9375,0.58329684,8.61636,0.28972742
5.077333333333334,0.23148784,0.01806640625,670.161763842654,843.9986977132379,1042.96875,3.4153384e-08,143.98909,375.0,0.6189035,8.348017,0.28118148
5.0986666666666665,0.21839583,0.01806640625,725.8366205244355,893.7665193494568,1265.625,4.9080963e-08,155.55087,375.0,0.60133445,8.798767,0.14918569
5.12,0.18530591,0.019775390625,765.9972121749071,961.6450161758057,1347.65625,6.3872776e-08,131.75124,375.0,0.5704301,8.512055,0.23819427
5.141333333333334,0.17212869,0.020263671875,746.2996396895035,980.6432192927301,1312.5,5.925888e-08,101.46522,375.0,0.56233466,8.840751,0.12563312
5.1626666666666665,0.19414088,0.01806640625,700.7654990980627,952.8747209458387,1218.75,4.8439578e-08,119.81591,375.0,0.5397804,8.393409,0.21121906
5.184,0.20573165,0.01806640625,683.2976940284226,922.4330809977199,1066.40625,3.5494097e-08,137.46356,210.9375,0.5038542,8.764666,0.17266876
5.205333333333333,0.21289964,0.0166015625,708.5702461171923,910.2551483666612,1078.125,3.4937536e-08,95.47478,210.9375,0.5434947,8.5463915,0.3178482
5.226666666666667,0.22250384,0.01708984375,751.2175488654508,946.6876115300945,1324.21875,3.7484625e-08,120.73369,375.0,0.532026,8.610151,0.30256253
5.248,0.23442404,0.01708984375,712.7389266888363,927.7441144152106,1265.625,3.7211365e-08,74.451126,210.9375,0.55924183,8.5282345,0.25773978
5.269333333333333,0.23329666,0.01611328125,653.0762311327618,873.4892987720323,1054.6875,2.8956734e-08,149.92412,210.9375,0.5227011,8.661604,0.24276276
5.290666666666667,0.23557627,0.015869140625,654.7345775042645,877.7477813092834,1054.6875,3.5870322e-08,105.51173,210.9375,0.55749977,8.4077215,0.25258887
5.312,0.2404682,0.015625,693.3762306202691,893.3025225859369,1218.75,4.611601e-08,167.23016,281.25,0.55631405,8.491761,0.33691478
5.333333333333333,0.22989148,0.018310546875,682.1433491174569,869.6611850116285,1066.40625,3.967544e-08,120.826775,375.0,0.62264967,8.580166,0.32102948
5.354666666666667,0.22388916,0.01806640625,673.8156298621916,863.3877472157684,1019.53125,3.447601e-08,133.5644,375.0,0.6077807,8.506117,0.27170506
5.376,0.2185614,0.017578125,706.0336214523564,881.0062635550064,1078.125,4.241912e-08,124.539406,328.125,0.62559867,8.448608,0.2187382
5.397333333333333,0.18969403,0.01953125,753.4302623270338,914.6200930568388,1300.78125,5.5507492e-08,137.51443,328.125,0.6049894,8.37623,0.18541813
5.418666666666667,0.16712171,0.019287109375,785.5916080422281,936.0046338548316,1347.65625,7.0218285e-08,116.14606,328.125,0.5907699,8.640587,0.17786181
5.44,0.16280206,0.020263671875,757.1775927801815,914.8799049867366,1265.625,6.9111934e-08,111.457664,328.125,0.5854139,8.4857855,0.20651762
5.461333333333333,0.1753155,0.019775390625,737.2867277196801,894.2769686967339,1265.625,6.727907e-08,125.044556,210.9375,0.52513444,8.8203335,0.19389881
5.482666666666667,0.19643518,0.01904296875,704.222236852074,880.3791737679686,1218.75,5.7494294e-08,130.75526,375.0,0.55514157,8.41912,0.27037892
5.504,0.20221452,0.017578125,670.4507151219781,872.2197301171395,1042.96875,4.6195392e-08,134.7178,375.0,0.5808214,8.606774,0.18275863
5.525333333333333,0.204703,0.015380859375,641.3524348544453,859.2927251356269,1007.8125,4.3556845e-08,99.36902,210.9375,0.54060054,8.522484,0.27185643
5.546666666666667,0.1973146,0.0166015625,658.0621354510954,912.0727256848793,1031.25,4.7815963e-08,143.59271,210.9375,0.43561655,8.607916,0.14814277
5.568,0.19117486,0.015869140625,677.7974344980753,909.8019456825307,1019.53125,5.296749e-08,105.64759,210.9375,0.4323845,8.661725,0.14929
5.589333333333333,0.19345772,0.0166015625,719.5330618359803,895.3037789762698,1031.25,4.426556e-08,165.7876,375.0,0.5934114,8.555314,0.2052209
5.610666666666667,0.19738087,0.017333984375,742.6448438496442,911.4376933253593,1242.1875,4.860155e-08,101.260414,375.0,0.6323402,8.420048,0.30670446
5.632,0.2226937,0.015380859375,688.6871282932744,880.0054459443215,1078.125,5.3127202e-08,150.20135,375.0,0.6139237,8.555351,0.187436
5.653333333333333,0.24672754,0.013427734375,657.9239502997652,863.8045360900585,1066.40625,3.9956248e-08,228.2273,222.65625,0.54318523,8.542816,0.31416264
5.674666666666667,0.2424066,0.013671875,609.8064607513533,820.6324447651176,1007.8125,2.5319816e-08,204.76482,210.9375,0.5066029,8.500233,0.31945303
5.696,0.26852247,0.013671875,659.5466858172456,838.9410206980652,1031.25,3.55036e-08,224.59456,210.9375,0.5176142,8.390985,0.34691837
5.717333333333333,0.25680688,0.015625,657.3469402523298,817.922704968728,1019.53125,3.2659866e-08,149.43117,210.9375,0.5727146,8.462075,0.34195068
5.738666666666667,0.22054704,0.018310546875,641.7449273047681,802.2662897827522,1007.8125,2.4937972e-08,125.15953,210.9375,0.53485703,8.624697,0.29669404
5.76,0.21704005,0.01953125,711.8484966743615,856.1211423873673,1113.28125,4.3287866e-08,196.66519,328.125,0.5713424,8.510865,0.20257275
5.781333333333333,0.18067269,0.020751953125,774.5258433833172,899.436169159883,1312.5,6.081591e-08,150.8093,328.125,0.5428877,8.507231,0.19803531
5.802666666666667,0.1643549,0.0205078125,725.3997904081283,835.6574593056091,1125.0,5.3146003e-08,97.514885,328.125,0.5974165,8.668817,0.1528336
5.824,0.168831,0.02099609375,696.0236594074951,834.9637049435654,1089.84375,5.1401734e-08,112.8262,363.28125,0.6153208,8.524478,0.23100244
5.8453333333333335,0.17800803,0.018798828125,712.315925596441,866.3534627355285,1218.75,5.263966e-08,123.0431,363.28125,0.5409035,8.589613,0.18108265
5.866666666666666,0.17807667,0.019287109375,685.880004724797,849.8189971032933,1125.0,4.8093835e-08,83.30382,363.28125,0.5423894,8.436422,0.23169254
5.888,0.17747703,0.018310546875,660.806852625439,842.4829714658765,1019.53125,3.7834866e-08,101.07979,375.0,0.5907113,8.625172,0.20076686
5.9093333333333335,0.17188944,0.0185546875,669.6823229377173,868.290181912437,1066.40625,4.1464467e-08,90.65078,375.0,0.53853285,8.485294,0.20112635
5.930666666666666,0.16428107,0.018798828125,700.2163942374407,912.6364098739394,1125.0,5.4395187e-08,137.92896,210.9375,0.48035127,8.423469,0.12070415
5.952,0.1728262,0.017822265625,703.6434360801052,893.1933823770371,1101.5625,4.6908298e-08,121.66092,375.0,0.47357756,8.346897,0.2683233
5.973333333333334,0.18914057,0.01806640625,688.9087117687693,842.6081189847437,1019.53125,3.42146e-08,117.36199,375.0,0.5848339,8.44593,0.21662243
5.994666666666666,0.22058697,0.014892578125,649.3145982226868,824.8202717028678,1019.53125,3.3994386e-08,152.32822,375.0,0.5455257,8.525502,0.25576058
6.016,0.23703536,0.01318359375,617.9481118454698,813.6096370775871,1007.8125,2.5428449e-08,186.92696,210.9375,0.44049227,8.405823,0.31052104
6.037333333333334,0.2318201,0.012939453125,621.2406341690141,815.48827047375,996.09375,2.7685495e-08,103.47155,210.9375,0.40646428,8.491132,0.3265444
6.058666666666666,0.23214325,0.01318359375,609.6255680578464,800.1672078652745,1007.8125,3.1565584e-08,167.5896,210.9375,0.48967507,8.44665,0.32567558
6.08,0.23087613,0.014892578125,653.2704600254409,813.8651296460577,1019.53125,3.752265e-08,138.24829,210.9375,0.54489386,8.71269,0.19505645
6.101333333333334,0.22032434,0.01806640625,632.1031878173843,799.0448049577868,996.09375,2.6690461e-08,157.03616,210.9375,0.51129645,8.5983515,0.32914177
6.1226666666666665,0.21521148,0.019775390625,647.0162110610514,792.3768345585663,1007.8125,2.8189922e-08,105.33219,210.9375,0.5472409,8.660561,0.22159283
6.144,0.19728372,0.020263671875,694.166122810121,817.4364186891677,1078.125,4.2431836e-08,189.75845,328.125,0.5838198,8.568239,0.18051927
6.165333333333334,0.17182884,0.0205078125,724.5322524889531,838.663733059164,1113.28125,5.0655196e-08,106.11862,328.125,0.5709436,8.46094,0.19779456
6.1866666666666665,0.16389774,0.019775390625,696.4292485205725,817.4819149993403,1042.96875,5.4770695e-08,86.36308,363.28125,0.5853005,8.509787,0.21281837
6.208,0.18206078,0.01806640625,676.6784246805582,829.0642714397787,1054.6875,5.0796395e-08,96.731026,363.28125,0.55638945,8.547036,0.14929181
6.229333333333333,0.19829203,0.017822265625,643.8809284387919,796.6486298065366,1019.53125,3.7607265e-08,112.16091,363.28125,0.5626178,8.539052,0.1728048
6.250666666666667,0.20783694,0.01708984375,609.9419766175457,770.0809621852352,996.09375,2.6805422e-08,123.17116,210.9375,0.5619287,8.425378,0.29662213
6.272,0.20671289,0.015625,600.455194815521,779.1792784702284,984.375,2.6409351e-08,70.42288,375.0,0.5728973,8.514274,0.26650277
6.293333333333333,0.18866603,0.016845703125,626.933699843844,832.1297976226643,1007.8125,3.7947302e-08,112.05509,210.9375,0.5300641,8.467501,0.109395675
6.314666666666667,0.18090662,0.018310546875,641.2240904364165,861.494360971931,1007.8125,4.3092168e-08,121.72354,70.3125,0.49478835,8.475319,0.19185862
6.336,0.18140359,0.0185546875,653.1888192287144,841.4849595498871,1019.53125,3.3267753e-08,126.38281,375.0,0.5491204,8.573627,0.13907638
6.357333333333333,0.19162358,0.01806640625,633.0326375929067,804.4730800049875,1007.8125,2.5792609e-08,111.90467,375.0,0.51384485,8.726,0.22085905
6.378666666666667,0.1915565,0.018798828125,613.5929342123886,807.9826042608627,1007.8125,2.5487909e-08,110.84297,375.0,0.4736627,8.566488,0.19789603
6.4,0.19775486,0.0166015625,629.3730399141865,813.0271159783442,1019.53125,3.4408444e-08,129.46704,70.3125,0.48530897,8.4326315,0.2289228
6.421333333333333,0.19854146,0.015380859375,622.628316392148,792.6130847647433,1007.8125,4.041913e-08,136.93976,70.3125,0.5272459,8.426102,0.17458445
6.442666666666667,0.20964845,0.015625,572.9621450682926,750.6313508682804,984.375,3.000517e-08,165.78658,210.9375,0.51066107,8.594408,0.31594744
6.464,0.23417693,0.012451171875,578.9260474773306,758.8729781064128,984.375,2.8125514e-08,117.549904,210.9375,0.5084206,8.624516,0.36044148
6.485333333333333,0.23200537,0.013916015625,565.6164120863508,733.8200205052563,984.375,2.4298878e-08,146.73105,210.9375,0.5086142,8.580442,0.32556713
6.506666666666667,0.23345993,0.013916015625,615.6356568334862,752.5664463125952,996.09375,3.4587405e-08,160.23154,328.125,0.5625784,8.622243,0.22758105
6.528,0.23330046,0.014892578125,607.84403306106,751.0583562660349,1007.8125,4.057635e-08,151.63234,363.28125,0.538216,8.445906,0.32149935
6.549333333333333,0.2106823,0.01611328125,592.410676637169,721.6159267017516,996.09375,3.3372533e-08,126.08361,375.0,0.5111391,8.552415,0.17790166
6.570666666666667,0.21213934,0.0166015625,591.4967339094001,731.5744672477718,855.46875,3.3137216e-08,153.25856,375.0,0.58430696,8.599375,0.26686233
6.592,0.22319421,0.017822265625,644.8770315375884,759.2395270867335,1007.8125,3.1356556e-08,145.82434,339.84375,0.55411154,8.584171,0.22223179
6.613333333333333,0.22898635,0.017578125,625.2118625081988,720.5726475133994,1007.8125,1.8828814e-08,212.66278,375.0,0.53520614,8.226589,0.3662152
6.634666666666667,0.25765002,0.016357421875,603.4437350835964,700.3404477848798,984.375,1.6272052e-08,149.27176,375.0,0.55944604,8.456811,0.35784224
6.656,0.25862217,0.014892578125,576.8434325998148,709.6532804883404,984.375,1.653694e-08,126.821724,210.9375,0.501941,8.399269,0.2906701
6.677333333333333,0.23469101,0.01416015625,573.1026836290066,726.7065287047676,984.375,1.8482933e-08,139.29185,210.9375,0.49652836,8.713376,0.17622013
6.698666666666667,0.20389575,0.01611328125,616.4219149310911,777.67152555185,996.09375,3.1227508e-08,187.27199,210.9375,0.5226351,8.546547,0.19702362
6.72,0.16453831,0.017578125,681.8259104489474,815.559375251885,1019.53125,4.4810342e-08,143.11504,210.9375,0.49186566,8.300604,0.15649727
6.741333333333333,0.15000556,0.019287109375,677.462861594071,823.7138133957272,1089.84375,4.2344443e-08,117.58611,375.0,0.52438146,8.403482,0.14629164
6.762666666666667,0.16507934,0.018798828125,624.3627085509625,776.708112770237,1007.8125,3.4572302e-08,124.216125,222.65625,0.5649415,8.644178,0.22325993
6.784,0.19221637,0.01611328125,614.1407788750506,750.8140527316067,996.09375,3.2325705e-08,101.84583,222.65625,0.5875911,8.219712,0.20684698
6.8053333333333335,0.19783135,0.016357421875,574.4846936943054,721.5454915116748,960.9375,2.6696638e-08,157.66624,210.9375,0.5627459,8.637112,0.28973752
6.826666666666667,0.22376935,0.01416015625,597.4459699819348,734.8470415334049,984.375,2.8899802e-08,144.0435,210.9375,0.56082314,8.687452,0.23183353
6.848,0.22937062,0.015380859375,568.4558993446776,707.8391283141169,914.0625,2.3129523e-08,132.13048,281.25,0.55591935,8.564055,0.32079804
6.8693333333333335,0.21828185,0.017578125,568.548610225914,696.9767023202356,914.0625,2.547963e-08,124.811,281.25,0.56448627,8.583417,0.19109386
6.890666666666666,0.22477572,0.017822265625,617.9843266132722,715.908691910288,984.375,3.0636244e-08,177.06815,363.28125,0.5916995,8.493023,0.2057151
6.912,0.20080099,0.019287109375,633.9678086716771,731.1485910046613,1019.53125,2.8732847e-08,155.6079,375.0,0.5572307,8.429253,0.30455247
6.933333333333334,0.19911456,0.018310546875,613.8122645428392,707.2025654921715,1007.8125,2.6799356e-08,147.00455,375.0,0.5664377,8.403176,0.19081397
6.954666666666666,0.21449108,0.017333984375,607.1209950846523,731.1181518500772,925.78125,2.3126619e-08,189.67659,328.125,0.60941195,8.448511,0.20147717
6.976,0.22860701,0.0166015625,588.9505766017528,695.8302955000007,855.46875,2.1096271e-08,167.50037,328.125,0.58798105,8.166357,0.20149751
6.997333333333334,0.26615867,0.01513671875,565.7183475066445,657.369620327864,867.1875,2.213868e-08,195.9638,375.0,0.701515,8.526361,0.4296925
7.018666666666666,0.28808898,0.01513671875,520.3186317463075,655.1660955196767,855.46875,1.8096715e-08,260.98447,210.9375,0.598065,8.562496,0.5319335
7.04,0.28408372,0.013671875,512.3550893609696,664.2251224660328,914.0625,1.3161051e-08,134.10013,210.9375,0.49611834,8.266989,0.22150387
7.061333333333334,0.2665595,0.013427734375,520.0339461821108,700.5656861413339,832.03125,1.3296958e-08,131.05986,210.9375,0.4888393,8.487049,0.25996685
7.082666666666666,0.22554412,0.013427734375,573.0253360392816,756.6429017839874,984.375,2.6758544e-08,181.70479,210.9375,0.4589337,8.159301,0.32808363
7.104,0.18358445,0.01318359375,591.8224207919532,748.0456896654953,984.375,3.5026083e-08,127.073944,210.9375,0.49665153,8.785307,0.14835438
7.125333333333334,0.17219228,0.01416015625,591.2088863564468,756.5841567376272,996.09375,3.571916e-08,141.3628,375.0,0.52866447,8.398544,0.345744
7.1466666666666665,0.1789727,0.013671875,575.2806860564455,737.1630046549245,984.375,2.843266e-08,72.71637,375.0,0.5305402,8.449338,0.13146898
7.168,0.18121804,0.013916015625,550.6827527607027,699.1043367827002,937.5,2.4162084e-08,134.42464,210.9375,0.5583022,8.46233,0.2103236
7.189333333333333,0.20152101,0.014404296875,571.7135313174965,702.8611565075182,972.65625,2.8836613e-08,138.87392,210.9375,0.55985916,8.4057045,0.27675632
7.210666666666667,0.20499113,0.01416015625,562.214367450913,696.4483654190108,960.9375,2.8501422e-08,96.909966,281.25,0.5249054,8.458053,0.23913732
7.232,0.19786696,0.014892578125,549.4948058095307,665.3296044476023,914.0625,2.5599231e-08,113.61849,281.25,0.50632143,8.719779,0.2281516
7.253333333333333,0.1931282,0.01611328125,595.2305490689679,696.8946649209541,984.375,3.342899e-08,133.86844,363.28125,0.5379156,8.528355,0.21740082
7.274666666666667,0.17824729,0.01611328125,632.2704130672852,723.8811244480646,1019.53125,3.7442366e-08,132.16888,363.28125,0.48529798,8.547924,0.14837886
7.296,0.16514704,0.016357421875,622.8438645386569,701.2036703656522,1019.53125,3.015123e-08,151.14679,375.0,0.5078237,8.515774,0.16404818
7.317333333333333,0.1767211,0.01611328125,601.1692527314012,700.6543548832832,996.09375,2.770713e-08,122.22507,328.125,0.58675426,8.643367,0.23128828
7.338666666666667,0.21763158,0.01513671875,580.6247708720001,687.8141319201867,937.5,2.2482093e-08,111.234406,328.125,0.55134535,8.72451,0.19775896
7.36,0.24805313,0.0146484375,546.4086466334434,639.5799695080826,843.75,1.37107135e-08,227.3804,210.9375,0.57549095,8.54816,0.31038427
7.381333333333333,0.2798479,0.01318359375,533.5311354711904,625.6167193212129,855.46875,1.1432366e-08,141.7548,210.9375,0.5615003,8.491441,0.4150395
7.402666666666667,0.2987417,0.01220703125,518.1698367901538,629.6526791907278,878.90625,1.0590792e-08,100.98023,210.9375,0.54402417,8.363396,0.29311723
7.424,0.28136182,0.01171875,504.7585774385642,624.797706612729,832.03125,9.322339e-09,154.22768,210.9375,0.5528306,8.693193,0.19373806
7.445333333333333,0.25826854,0.011474609375,527.5071681190416,672.2003496080936,843.75,1.3799119e-08,167.88428,210.9375,0.5584259,8.396883,0.3145919
7.466666666666667,0.22729413,0.013916015625,545.9899013471803,676.4758613469983,972.65625,1.836643e-08,151.62892,210.9375,0.5501627,8.780441,0.24888171
7.488,0.19687401,0.015380859375,556.7350480067412,683.2522405300721,972.65625,2.2500405e-08,140.78094,375.0,0.5913977,8.575303,0.28066942
7.509333333333333,0.18786956,0.016357421875,562.4230959729741,690.3249682834902,984.375,2.3410863e-08,99.52129,375.0,0.5821992,8.360296,0.19454983
7.530666666666667,0.174636,0.017822265625,583.1033196407996,715.3681283856267,984.375,2.5403818e-08,116.13096,375.0,0.6679644,8.352945,0.114039175
7.552,0.1719173,0.016357421875,604.2290867153644,704.7047948223861,1007.8125,3.442686e-08,117.52157,375.0,0.6898874,8.599667,0.25759533
7.573333333333333,0.16678713,0.016845703125,638.2725324755093,717.519457924598,1019.53125,3.595644e-08,128.17975,281.25,0.6600555,8.502177,0.22327586
7.594666666666667,0.15783326,0.017333984375,620.704368653121,711.2831917601667,1007.8125,2.8024852e-08,78.1695,281.25,0.62516177,8.496141,0.20569776
7.616,0.15068103,0.018798828125,635.504031850008,704.5774534146242,996.09375,2.611346e-08,81.49182,281.25,0.630352,8.590465,0.1481086
7.637333333333333,0.15250108,0.01904296875,654.4539649042761,696.8969526859712,996.09375,3.6486504e-08,111.9028,281.25,0.62348396,8.462154,0.17000316
7.658666666666667,0.16089694,0.0185546875,648.3202937653089,690.1838557292295,1007.8125,3.131033e-08,150.3215,375.0,0.5802111,8.582411,0.19674897
7.68,0.17080769,0.01806640625,600.7912742658519,660.8578089681936,996.09375,2.1493165e-08,131.1795,375.0,0.5839112,8.650684,0.2662539
7.701333333333333,0.19729614,0.01611328125,591.0935870640923,664.6913542051029,984.375,2.1511555e-08,107.892204,363.28125,0.5501207,8.600832,0.15769997
7.722666666666667,0.21496084,0.015869140625,564.4055688787098,649.8180821160872,843.75,1.6998358e-08,139.91626,375.0,0.5583215,8.304526,0.21474643
7.744,0.22120064,0.015869140625,546.0593821832476,629.0095755390397,796.875,1.6490194e-08,153.48944,375.0,0.5616567,8.400377,0.3440863
7.765333333333333,0.23733588,0.01513671875,533.3271996725059,635.0623948692233,878.90625,1.5620477e-08,91.14705,375.0,0.57107663,8.5638685,0.33886483
7.786666666666667,0.23006757,0.014892578125,528.9151650412485,631.1719552309157,867.1875,1.607794e-08,80.18374,375.0,0.56315833,8.428465,0.1856247
7.808,0.21351288,0.0146484375,524.5636045040678,630.707064748578,785.15625,1.771688e-08,143.3717,210.9375,0.5791395,8.699614,0.19980076
7.8293333333333335,0.20058419,0.014404296875,553.6159528374656,666.1553443027453,878.90625,2.4799286e-08,147.51286,210.9375,0.527222,8.389378,0.31376466
7.850666666666666,0.1873492,0.0146484375,569.3418108651443,655.233774563753,972.65625,2.7328483e-08,82.79996,210.9375,0.5384756,8.543039,0.1359567
7.872,0.18978164,0.015869140625,555.0898762686236,648.117195426735,972.65625,2.0265702e-08,130.59761,375.0,0.61892813,8.7584505,0.21983817
7.8933333333333335,0.19168611,0.0166015625,541.8150100096922,638.4573262951999,890.625,1.6842801e-08,98.13513,375.0,0.5932942,8.404742,0.18497522
7.914666666666666,0.18562137,0.017578125,555.4803908988417,657.797462814452,855.46875,2.0922167e-08,85.889084,375.0,0.59513146,8.3803835,0.12360173
7.936,0.17969695,0.016357421875,574.0045587148777,668.047003098771,949.21875,3.1773755e-08,130.2376,375.0,0.60287434,8.48639,0.2079808
7.957333333333334,0.17887796,0.014404296875,560.826053958523,675.4576279113903,996.09375,3.3346282e-08,155.3613,281.25,0.5213154,8.466585,0.17969118
7.978666666666666,0.1788483,0.014404296875,530.8878586367225,655.0189138444479,855.46875,2.5061397e-08,140.31091,281.25,0.5343676,8.512814,0.20791505
8.0,0.18916462,0.01318359375,528.8828516770161,623.6204432860403,808.59375,2.7661276e-08,105.197495,210.9375,0.57072234,8.488587,0.21601799
8.021333333333333,0.18855013,0.0146484375,531.1557922771331,631.2433172599505,820.3125,2.6587154e-08,127.89416,210.9375,0.47091937,8.605364,0.26059335
8.042666666666667,0.19002652,0.014892578125,535.0817381189336,628.3347063463551,855.46875,2.1610795e-08,138.08131,199.21875,0.46507844,8.307161,0.12738751
8.064,0.1975634,0.013427734375,504.55441685779897,609.5697143934799,785.15625,1.7996326e-08,87.29699,210.9375,0.48658797,8.406761,0.25442502
8.085333333333333,0.23005629,0.013427734375,489.70599636105436,604.5683175181566,750.0,1.5982149e-08,98.04976,210.9375,0.48937023,8.430731,0.20720924
8.106666666666667,0.25353485,0.01318359375,483.35714514966133,585.0050426992182,750.0,1.08038405e-08,174.60332,210.9375,0.49872917,8.301306,0.23993605
8.128,0.27315983,0.013671875,477.4638922057674,568.4368244769815,750.0,8.2981435e-09,120.617546,375.0,0.5337356,8.421104,0.28631374
8.149333333333333,0.2837946,0.013427734375,489.8005245099773,587.2620664532293,750.0,9.112268e-09,108.60876,375.0,0.57276666,8.340315,0.2531227
8.170666666666667,0.25233197,0.013427734375,490.8468569567254,579.0521886102775,750.0,1.2756955e-08,120.58116,210.9375,0.5720557,8.641184,0.31124705
8.192,0.22696072,0.013427734375,505.0424768911609,602.9303362670237,761.71875,1.8446457e-08,171.76717,210.9375,0.5986124,8.566355,0.20273551
8.213333333333333,0.20550582,0.013916015625,549.1430288505393,617.9044857395036,890.625,2.7376514e-08,168.67757,328.125,0.5954643,8.399948,0.21146648
8.234666666666667,0.19277479,0.015380859375,557.8471099041608,599.3052297697145,843.75,1.887193e-08,166.28647,375.0,0.6458915,8.3439455,0.20373046
8.256,0.20517987,0.015380859375,539.744279454706,603.5625479009914,843.75,1.4080558e-08,124.1266,375.0,0.64060193,8.484367,0.28200534
8.277333333333333,0.20171103,0.014892578125,513.7295180406479,604.8418014552834,738.28125,1.2597715e-08,89.69647,375.0,0.61697775,8.335983,0.21942843
8.298666666666668,0.18006025,0.015869140625,538.661208574232,633.9529746808064,843.75,1.8149732e-08,104.256996,375.0,0.6197772,8.47488,0.13681357
8.32,0.16258389,0.016845703125,583.3733674181286,656.6868022698765,996.09375,3.076415e-08,131.92859,269.53125,0.55705875,8.508199,0.16105373
8.341333333333333,0.15381871,0.0166015625,570.6012782869856,652.7517059399545,960.9375,3.001504e-08,66.470566,281.25,0.5106009,8.618186,0.20709123
8.362666666666666,0.1533672,0.017578125,543.6832805800884,627.9073107545073,843.75,2.4934288e-08,76.84013,281.25,0.54157114,8.614785,0.20181362
8.384,0.16939925,0.016845703125,539.4284628350956,613.1538519229138,832.03125,2.3124322e-08,97.36421,210.9375,0.5299979,8.542152,0.17290333
8.405333333333333,0.16826108,0.015625,533.6106052255234,621.3004681450901,843.75,2.2437886e-08,121.62147,210.9375,0.46603736,8.733274,0.22043797
8.426666666666666,0.16601689,0.0166015625,544.7708587735174,632.1731905756257,902.34375,2.629133e-08,81.578636,210.9375,0.45539925,8.348225,0.2136414
8.448,0.17794253,0.015869140625,536.1001658802228,606.3698919095883,855.46875,2.4622718e-08,91.70514,210.9375,0.516727,8.566261,0.13402842
8.469333333333333,0.19287981,0.015380859375,530.451708942205,602.8461681434148,808.59375,1.8909963e-08,145.5268,375.0,0.6132584,8.27186,0.23249914
8.490666666666666,0.22110201,0.015625,529.8343712324453,583.8643992397115,832.03125,1.454675e-08,128.9436,375.0,0.61676556,8.794873,0.19620737
8.512,0.22839601,0.014892578125,512.5407704361933,571.8459331236171,832.03125,1.0609409e-08,115.94083,375.0,0.6316486,8.6893,0.21346362
8.533333333333333,0.22284281,0.014892578125,511.4232487856454,572.3426426370705,773.4375,1.3034459e-08,117.70458,375.0,0.66382873,8.571618,0.26722705
8.554666666666666,0.19889578,0.015625,532.4438119105906,596.9966488062388,855.46875,1.9490852e-08,162.73871,363.28125,0.62778807,8.475941,0.16865583
8.576,0.17833936,0.01611328125,540.9977971808211,607.167921049656,855.46875,2.5703708e-08,122.04492,363.28125,0.58392924,8.65143,0.17578726
8.597333333333333,0.18229991,0.016357421875,547.8643027650955,591.9029508084448,773.4375,1.873069e-08,154.16594,375.0,0.6660516,8.523113,0.17303856
8.618666666666666,0.1977314,0.0166015625,533.7501250836483,587.9320110876962,773.4375,1.229239e-08,112.02555,375.0,0.67994165,8.636781,0.19292423
8.64,0.2074894,0.016845703125,517.2100258426731,593.2469371085941,773.4375,1.0973936e-08,86.91353,375.0,0.6533189,8.129229,0.1987745
8.661333333333333,0.19592758,0.014892578125,520.1335509984757,609.9006025382422,761.71875,1.7240978e-08,93.86505,375.0,0.61703235,8.782654,0.16339242
8.682666666666666,0.17935048,0.014404296875,539.2752409029331,631.5194740574137,855.46875,2.7105417e-08,127.21847,363.28125,0.56183994,8.665579,0.15510286
8.704,0.16285324,0.0146484375,559.8966244599131,623.556884686086,960.9375,2.9860427e-08,71.829575,363.28125,0.527721,8.687793,0.1252616
8.725333333333333,0.15381579,0.013916015625,548.5496332080855,599.1057332306473,832.03125,2.2421956e-08,78.23357,375.0,0.5703948,8.374147,0.24934065
8.746666666666666,0.15453862,0.014892578125,547.4021472405691,586.9073848947511,843.75,2.4656662e-08,94.737816,210.9375,0.5075875,8.59122,0.12016017
8.768,0.14586626,0.0166015625,560.1168509172352,618.7353343047753,902.34375,2.8623854e-08,87.45361,210.9375,0.5018305,8.7563095,0.20412074
8.789333333333333,0.13966332,0.017333984375,564.7146368230833,624.3523445548537,902.34375,3.2055276e-08,104.2777,210.9375,0.5017169,8.842829,0.13140702
8.810666666666666,0.13469216,0.018310546875,571.397716308074,629.7231244293283,855.46875,3.0207854e-08,100.37863,375.0,0.6176115,8.549932,0.14846666
8.832,0.14416514,0.018310546875,561.1248885606997,606.6102611103552,843.75,2.7018011e-08,84.86267,386.71875,0.6328876,8.644165,0.13282762
8.853333333333333,0.1662771,0.0166015625,567.9558385814793,622.6260342153881,925.78125,2.1447098e-08,105.54538,375.0,0.66359216,8.4922905,0.16892056
8.874666666666666,0.17664601,0.015625,544.4469840449902,610.8826303004771,914.0625,1.820848e-08,114.70682,375.0,0.6469345,8.130463,0.20800374
8.896,0.18557414,0.01416015625,532.2739403120754,603.508137635519,867.1875,2.1735142e-08,79.13394,375.0,0.6471894,8.613206,0.1711459
8.917333333333334,0.18993695,0.013916015625,504.10152912742825,593.086882047135,773.4375,2.7693318e-08,119.3467,375.0,0.65624017,8.718436,0.20032257
8.938666666666666,0.20463054,0.014404296875,484.5521142806417,589.355858730798,761.71875,2.7512186e-08,172.0584,210.9375,0.5576367,8.464144,0.18825501
8.96,0.21604405,0.014892578125,449.44176148119317,537.8739415751785,691.40625,1.47719845e-08,168.99532,210.9375,0.5287201,8.510611,0.24331288
8.981333333333334,0.23233636,0.015380859375,464.95184846937076,536.2720518447038,738.28125,1.2361931e-08,127.29653,375.0,0.5738654,8.854208,0.2011936
9.002666666666666,0.24167547,0.015380859375,465.86710603176357,549.2210273662831,726.5625,1.1413239e-08,114.97748,375.0,0.61799544,8.324312,0.33224505
9.024,0.22919682,0.01513671875,476.3554435386805,561.0811375869387,726.5625,1.2295196e-08,101.2117,375.0,0.6524966,8.49728,0.26524648
9.045333333333334,0.21857129,0.01416015625,458.54661854115767,553.7204669230186,667.96875,1.5357584e-08,116.25254,363.28125,0.6333201,8.524021,0.13728602
9.066666666666666,0.20903103,0.013427734375,481.73316976962593,573.2317925938947,773.4375,1.7665348e-08,114.46235,363.28125,0.5705645,8.385569,0.19313148
9.088,0.21410291,0.013427734375,484.13090176380723,562.7087724690284,773.4375,1.4163925e-08,111.652145,210.9375,0.5135958,8.385914,0.22594698
9.109333333333334,0.21274823,0.012939453125,486.12883265069155,554.9529620052964,761.71875,1.1858606e-08,123.49536,210.9375,0.4819757,8.391548,0.3188443
9.130666666666666,0.2145694,0.0126953125,506.9924410114491,565.4564520147649,785.15625,1.1935212e-08,109.862305,210.9375,0.45951337,8.660227,0.15971535
9.152,0.20201935,0.013916015625,523.8234952654637,593.1509961698753,843.75,1.7151292e-08,92.02721,210.9375,0.44063175,8.109631,0.31933963
9.173333333333334,0.17556678,0.0146484375,528.2563851506235,594.9373333178455,820.3125,2.4596742e-08,137.45941,210.9375,0.55696356,8.602847,0.11629867
9.194666666666667,0.16155283,0.015380859375,540.0831932226994,590.874435135848,820.3125,2.7557107e-08,143.90262,375.0,0.6635799,8.65353,0.1776169
9.216,0.14024396,0.016357421875,542.2782446179702,600.3979030167119,820.3125,2.5020098e-08,82.83826,375.0,0.6664877,8.446583,0.13693668
9.237333333333334,0.1468286,0.015625,571.9111217530867,633.0344896837294,937.5,2.4094346e-08,74.036415,375.0,0.64768785,8.276292,0.1045719
9.258666666666667,0.1450252,0.0166015625,596.2182823769336,614.4995899193058,984.375,2.0686132e-08,110.97588,375.0,0.6603351,8.462343,0.16073026
9.28,0.14014944,0.017333984375,575.7039080894015,603.7389252518032,972.65625,2.015657e-08,81.50698,375.0,0.67055184,8.592033,0.19101816
9.301333333333334,0.151866,0.0166015625,556.8807600239676,608.2492128430785,914.0625,3.0486675e-08,121.465706,363.28125,0.6356228,8.430704,0.16542679
9.322666666666667,0.16468188,0.017333984375,532.0037996108191,601.3598119738804,808.59375,2.9409826e-08,85.103645,363.28125,0.61588734,8.643078,0.13565856
9.344,0.18834378,0.01611328125,505.72268151910794,552.1799215628357,750.0,1.6003828e-08,162.65147,375.0,0.6152737,8.679511,0.18272354
9.365333333333334,0.20343842,0.015625,514.442773799533,567.2535214475721,750.0,1.0570275e-08,107.38925,375.0,0.6265934,8.536083,0.27761438
9.386666666666667,0.20726974,0.0166015625,517.7314579449172,571.9430069049166,750.0,1.1073066e-08,85.105644,375.0,0.64141494,8.492319,0.20610051
9.408,0.20138083,0.015625,516.8714785903546,568.1763028980334,750.0,1.3208614e-08,71.862404,363.28125,0.6482082,8.653933,0.17581302
9.429333333333334,0.18243884,0.014892578125,514.9772875406857,563.8849381980626,796.875,1.6604144e-08,106.768906,363.28125,0.58665824,8.723667,0.17739107
9.450666666666667,0.16921023,0.015380859375,527.7170618004378,596.4189222777392,843.75,2.1760489e-08,74.56026,363.28125,0.56435776,8.905654,0.2077307
9.472,0.16344525,0.014404296875,525.9782840151065,602.2038720206899,832.03125,2.655573e-08,78.73011,363.28125,0.6069749,8.698067,0.10319963
9.493333333333334,0.15115847,0.01513671875,511.3648941429557,574.3492138342508,820.3125,2.4356133e-08,100.65901,210.9375,0.5747496,8.725758,0.15147258
9.514666666666667,0.1473357,0.015869140625,531.2360801235762,597.5804080484369,832.03125,2.4339007e-08,82.332726,210.9375,0.51472324,8.489204,0.16825749
9.536,0.14859107,0.015869140625,534.2513288180348,597.0977716563399,820.3125,2.2914474e-08,77.16665,210.9375,0.50528973,8.780518,0.090930775
9.557333333333334,0.14021386,0.014892578125,527.0043526271115,588.7010496561727,796.875,2.3973021e-08,98.95561,281.25,0.5838042,8.311031,0.17618147
9.578666666666667,0.13835287,0.014404296875,503.478932809499,593.6010211325685,773.4375,2.4738771e-08,70.31017,375.0,0.5773287,8.270445,0.12635678
9.6,0.14523867,0.013427734375,496.32837371336797,612.4502423762733,820.3125,2.9862917e-08,90.74362,375.0,0.5659757,8.382423,0.15594257
9.621333333333334,0.15843625,0.012939453125,490.30614100374385,594.9080390023605,820.3125,2.5730648e-08,86.78665,375.0,0.5513395,8.698685,0.11351629
9.642666666666667,0.17660129,0.013916015625,504.2545337384572,570.0721468328783,808.59375,2.1681343e-08,107.67372,375.0,0.63323414,8.63655,0.23257285
9.664,0.18266861,0.012939453125,492.5360600294846,564.6841046950592,785.15625,1.8381666e-08,106.95861,375.0,0.6124338,8.53765,0.27995858
9.685333333333332,0.18722853,0.0126953125,469.2225290444897,573.3241928299473,761.71875,1.8727038e-08,109.776276,363.28125,0.55895984,8.586449,0.22210903
9.706666666666667,0.19820686,0.0126953125,475.1213877756032,576.7237553657695,761.71875,1.7688764e-08,87.22439,363.28125,0.49287015,8.444328,0.12420365
9.728,0.21394481,0.01318359375,474.5009488483442,540.6181728036321,750.0,1.3145836e-08,137.19528,363.28125,0.5137915,8.481238,0.18293181
9.749333333333333,0.22068939,0.014404296875,473.3139842793865,545.4981414952264,726.5625,1.0632998e-08,120.722115,375.0,0.54855496,8.518845,0.27202347
9.770666666666667,0.22422437,0.015380859375,486.8728553318084,555.1207908476769,761.71875,1.1368376e-08,95.28648,375.0,0.6007341,8.189083,0.25020245
9.792,0.21287516,0.015625,480.91415733256304,552.1647182587718,750.0,2.0492248e-08,108.82586,363.28125,0.61408496,8.695336,0.20994644
9.813333333333333,0.19646311,0.014404296875,485.76516080663345,550.081455747459,761.71875,2.0835323e-08,151.33101,210.9375,0.52471775,8.455037,0.2102897
9.834666666666667,0.21030459,0.0126953125,485.7605088864756,572.4485811144076,773.4375,1.6525876e-08,111.344666,210.9375,0.4415437,8.319707,0.20261942
9.856,0.21608546,0.011962890625,459.9375630802899,562.3897156519946,750.0,9.4243005e-09,105.868454,210.9375,0.45770633,8.481775,0.16602875
9.877333333333333,0.23142697,0.01025390625,463.9811380706814,553.9763197480704,761.71875,7.746383e-09,103.99307,210.9375,0.46562475,8.593147,0.2191661
9.898666666666667,0.22439912,0.011474609375,462.48486664706957,553.5760272835324,738.28125,9.494435e-09,82.96244,210.9375,0.47281128,8.717995,0.32464325
9.92,0.20399992,0.012939453125,468.80961266178605,555.449968609328,738.28125,1.10899965e-08,141.39362,199.21875,0.5409528,8.630285,0.124079674
9.941333333333333,0.19272083,0.012939453125,484.8406123580984,562.6992303652551,738.28125,1.6350768e-08,169.11185,281.25,0.5986622,8.568104,0.23294294
9.962666666666667,0.1722289,0.014404296875,445.5485164572128,548.4801449565209,691.40625,1.30248745e-08,122.338684,199.21875,0.5709169,8.616665,0.11070674
9.984,0.19424997,0.01318359375,451.5345399350561,548.5738427646677,714.84375,1.2011671e-08,130.6991,187.5,0.58181405,8.436895,0.2350242
10.005333333333333,0.20778,0.012939453125,461.2842672447094,545.2331595385602,750.0,1.2575164e-08,128.86635,375.0,0.5762222,8.69473,0.29185793
10.026666666666667,0.21531665,0.013427734375,454.4409897421478,528.575151243919,738.28125,1.3915398e-08,120.12242,375.0,0.6360946,8.490806,0.39574912
10.048,0.21943258,0.011962890625,456.6753999807079,528.7060624441016,738.28125,1.576842e-08,140.58347,210.9375,0.6004933,8.7086735,0.18957354
10.069333333333333,0.21084489,0.012939453125,442.27090962569173,539.09001806104,738.28125,1.4999033e-08,118.958855,210.9375,0.4783353,8.640696,0.19393164
10.090666666666667,0.2267729,0.012939453125,451.51941431755654,536.9097724724761,750.0,1.5039129e-08,132.62288,210.9375,0.45883393,8.370331,0.158212
10.112,0.23817442,0.012939453125,456.21863561815786,523.3672445680277,738.28125,9.111002e-09,148.63432,375.0,0.55164427,8.552612,0.2046003
10.133333333333333,0.24785346,0.0146484375,464.82052316332437,512.1927182030398,738.28125,7.425821e-09,119.84421,375.0,0.6311824,8.703899,0.24880734
10.154666666666667,0.24361159,0.014892578125,464.0646052875967,510.0545432184421,703.125,7.700062e-09,77.32468,375.0,0.637542,8.666267,0.30664733
10.176,0.21451613,0.01513671875,473.57091803599195,523.4718524129137,691.40625,9.7921955e-09,105.065125,328.125,0.6451752,8.480198,0.15200491
10.197333333333333,0.18513435,0.01513671875,495.75899568939747,556.3623425606983,761.71875,1.40144545e-08,119.4535,328.125,0.5950559,8.515837,0.21072973
10.218666666666667,0.18253742,0.0146484375,508.4242840923875,590.0996139350151,832.03125,2.086138e-08,115.45547,339.84375,0.5660008,8.3110695,0.13278867
10.24,0.18640518,0.013916015625,470.7111114706665,567.9327295504061,820.3125,1.3980435e-08,175.99725,210.9375,0.50371176,8.555466,0.11919991
10.261333333333333,0.19595721,0.01318359375,453.1045505729054,542.537064303634,761.71875,1.116629e-08,112.54709,210.9375,0.5484064,8.691061,0.3046144
10.282666666666668,0.20347297,0.013671875,465.5820650286845,535.2170301030135,738.28125,1.3035086e-08,109.680145,281.25,0.5775832,8.348337,0.19089943
10.304,0.19039178,0.013427734375,483.24136934442225,546.1542506578295,750.0,1.6615683e-08,119.3487,281.25,0.61849666,8.313557,0.18621314
10.325333333333333,0.18310773,0.013671875,453.6254878476881,547.9450516153626,726.5625,1.8850622e-08,79.557335,281.25,0.60656977,8.564152,0.18727931
10.346666666666666,0.19191192,0.014404296875,425.6003366112186,533.9178673690934,667.96875,1.6222588e-08,132.48347,187.5,0.63771844,8.424034,0.10445295
10.368,0.2173754,0.01416015625,447.20299540709055,534.4470252891227,738.28125,1.2687043e-08,141.65813,375.0,0.64402145,8.72879,0.22494139
10.389333333333333,0.23319624,0.015380859375,453.70814331750904,508.7196286432086,750.0,1.0132987e-08,124.18015,375.0,0.63297784,8.509021,0.314986
10.410666666666666,0.24910766,0.015625,451.6877591301106,491.84073328456833,738.28125,8.825958e-09,107.105995,375.0,0.66352105,8.491621,0.42184347
10.432,0.23676373,0.014892578125,455.21654001797026,500.67317721480805,738.28125,8.997254e-09,100.09444,375.0,0.6744976,8.612258,0.2122242
10.453333333333333,0.21674334,0.013916015625,455.60177405465134,516.8858033406555,738.28125,1.2369789e-08,127.70185,363.28125,0.65225214,8.462746,0.24743985
10.474666666666666,0.22375296,0.013671875,479.2899674617002,535.0191357941858,750.0,1.5635113e-08,127.51528,328.125,0.6358101,8.601218,0.14613731
10.496,0.24624775,0.013916015625,487.93730397964055,518.659141645055,750.0,9.216343e-09,154.8112,363.28125,0.6527393,8.452703,0.22045605
10.517333333333333,0.26607558,0.015380859375,486.64844175706577,499.88564061674043,750.0,5.698314e-09,129.17296,375.0,0.7129191,8.574606,0.29546845
10.538666666666666,0.2699493,0.015380859375,476.2431011571481,495.11942483960837,738.28125,6.6175763e-09,88.11815,375.0,0.6838712,8.563469,0.22388057
10.56,0.25440082,0.0146484375,476.8748734900634,506.5815384060199,726.5625,8.987217e-09,160.51505,375.0,0.6119208,8.280328,0.21561314
10.581333333333333,0.23034556,0.01318359375,497.9450122473211,549.8836497336515,773.4375,1.0356992e-08,168.53322,210.9375,0.56432706,8.291189,0.25144154
10.602666666666666,0.24014518,0.01123046875,478.2533894520568,559.6979840289818,785.15625,7.1470403e-09,143.03091,210.9375,0.51024276,8.275617,0.23703782
10.624,0.2329234,0.01171875,449.63113039808667,523.3839152967646,750.0,6.0697305e-09,126.012085,210.9375,0.49781248,8.621567,0.17610821
10.645333333333333,0.23105845,0.011474609375,468.8524813606345,526.906676400172,773.4375,9.08877e-09,160.04109,210.9375,0.5728973,8.171919,0.33208048
10.666666666666666,0.21346551,0.0126953125,489.4121254161084,551.6578501324808,785.15625,1.3601834e-08,171.3824,281.25,0.6229836,8.498199,0.19599076
10.688,0.17334376,0.012939453125,477.88815139206,552.2004033208922,750.0,1.6236509e-08,86.28616,281.25,0.6458833,8.378298,0.19302584
10.709333333333333,0.1697622,0.012939453125,462.41976213764195,568.4614010040549,738.28125,1.8590256e-08,85.61972,281.25,0.58365786,8.536336,0.12692134
10.730666666666666,0.17377429,0.013671875,464.8577208223948,571.4552803800439,750.0,1.9452663e-08,134.30527,375.0,0.6705481,8.371872,0.10404607
10.752,0.19415888,0.013916015625,493.4338934062507,567.4871242323139,761.71875,1.37513645e-08,147.13057,375.0,0.6222049,8.411942,0.169573
10.773333333333333,0.20780806,0.01513671875,489.68856601472544,522.0230297907138,750.0,9.851619e-09,105.60372,375.0,0.59395814,8.612175,0.2995945
10.794666666666666,0.22456315,0.014892578125,469.0624541750792,498.65862249463936,738.28125,9.864291e-09,126.9656,375.0,0.62934154,8.533703,0.2796868
10.816,0.2292056,0.014892578125,464.399157936501,518.6289692125008,738.28125,1.0683882e-08,140.73476,328.125,0.6447366,8.600489,0.14423288
10.837333333333333,0.22411941,0.013916015625,454.710420482273,529.0813761054975,750.0,1.0127681e-08,100.68129,328.125,0.62723184,8.625791,0.24641997
10.858666666666666,0.23605384,0.013916015625,466.2124333879299,517.9137924563494,750.0,9.791357e-09,89.23659,328.125,0.61506116,8.498453,0.1664271
10.88,0.23804304,0.013916015625,480.54536089463716,511.41980203909384,750.0,8.504435e-09,134.75694,363.28125,0.6126672,8.4239025,0.2874261
10.901333333333334,0.24440882,0.01416015625,485.97713670270826,508.0871235969321,750.0,6.839404e-09,86.420944,375.0,0.64108586,8.399271,0.28707358
10.922666666666666,0.24046639,0.014892578125,478.3483634595766,525.9139500693225,750.0,7.2999744e-09,76.04534,375.0,0.6939381,8.318354,0.17421998
10.944,0.22052991,0.014892578125,497.04835121236266,547.2481183637223,761.71875,1.0820646e-08,119.72359,375.0,0.66293335,8.458942,0.18895304
10.965333333333334,0.21749009,0.014404296875,517.5417251920671,557.5020973639641,773.4375,1.27004816e-08,105.26071,375.0,0.6948513,8.629106,0.20526877
10.986666666666666,0.20708698,0.013916015625,478.1334051719872,539.415133437166,750.0,1.0358287e-08,132.11517,375.0,0.5736886,8.573868,0.1334445
11.008,0.2120947,0.013916015625,457.7432728774969,527.5182403057565,750.0,9.470079e-09,118.73961,375.0,0.6150355,8.673672,0.14274386
11.029333333333334,0.21711233,0.013427734375,484.75901445466184,542.0987145529997,808.59375,1.0477683e-08,132.25667,375.0,0.66259396,8.759306,0.26208207
11.050666666666666,0.21047628,0.012939453125,471.81775056559115,529.7962634820329,750.0,9.39039e-09,113.75232,281.25,0.6618074,8.3831005,0.23544481
11.072,0.19288431,0.01318359375,459.0763809527657,538.512088950713,738.28125,9.539682e-09,108.871086,210.9375,0.5599209,8.542881,0.1877833
11.093333333333334,0.18313324,0.013427734375,467.8915015004028,566.1193131645789,750.0,1.3611623e-08,95.13902,210.9375,0.542615,8.617447,0.12707473
11.114666666666666,0.18765357,0.013916015625,506.00429444128304,574.5784234011159,761.71875,1.6329325e-08,191.35484,375.0,0.63687795,8.254965,0.11728687
11.136,0.20414615,0.015380859375,512.8540538943762,547.0937349200885,750.0,1.23130395e-08,121.91447,375.0,0.6046396,8.42457,0.2414386
11.157333333333334,0.22082375,0.015625,470.9192560539776,505.59140188871913,738.28125,1.0591588e-08,136.13469,375.0,0.6152552,8.642809,0.31984752
11.178666666666667,0.21923271,0.015380859375,466.51888012422444,515.145826641646,726.5625,1.1579002e-08,128.45116,375.0,0.65216887,8.404444,0.2879434
11.2,0.22191955,0.01513671875,467.727218213215,524.1045354437064,703.125,1.1821047e-08,127.8679,328.125,0.6588031,8.320453,0.15217732
11.221333333333334,0.20618209,0.01513671875,471.44404027592594,520.4759738242931,750.0,1.28912765e-08,124.7409,328.125,0.5714118,8.444539,0.18301913
11.242666666666667,0.21469143,0.01513671875,481.76040058678495,513.7607817485473,750.0,1.0974908e-08,131.0418,328.125,0.58073753,8.614592,0.2822093
11.264,0.22733693,0.014892578125,485.42599099123083,515.1775309057766,738.28125,9.723168e-09,133.01723,375.0,0.6505456,8.506258,0.26104003
11.285333333333334,0.22136584,0.014892578125,470.35832304765194,522.6066526667857,738.28125,9.112533e-09,96.82258,375.0,0.6947094,8.553621,0.16457461
11.306666666666667,0.21471775,0.013916015625,473.1130471905616,540.1833557899134,738.28125,1.0722661e-08,120.44432,328.125,0.5891578,8.622911,0.21293984
11.328,0.21473606,0.012939453125,482.42920671693963,550.3511986711842,761.71875,1.1985402e-08,126.49728,210.9375,0.58252645,8.245153,0.23020369
11.349333333333334,0.22463939,0.01220703125,467.28751467947086,550.818658797656,761.71875,1.0628129e-08,126.40747,210.9375,0.52846056,8.483505,0.19361962
11.370666666666667,0.22835994,0.012451171875,449.5410861974469,539.7192294408749,750.0,1.06623395e-08,106.19722,210.9375,0.48308513,8.645744,0.25140166
11.392,0.25823855,0.01220703125,452.01373054244675,526.1466367939558,750.0,1.1838896e-08,115.23675,210.9375,0.5444712,8.647232,0.26600343
11.413333333333334,0.24342361,0.012451171875,445.5353131920849,513.1346786959463,714.84375,1.0466147e-08,100.91821,210.9375,0.5772043,8.757004,0.23639162
11.434666666666667,0.22283283,0.011962890625,440.6920534536144,526.9141531170392,726.5625,1.0348912e-08,95.73201,210.9375,0.598989,8.413558,0.24066778
11.456,0.20377998,0.01123046875,453.29083449694735,557.2410502474578,738.28125,1.2511298e-08,117.5704,210.9375,0.5561585,8.393352,0.13945277
11.477333333333334,0.154509,0.013671875,475.89818236631544,607.8607934367202,796.875,2.0608832e-08,103.80699,210.9375,0.48798105,8.471698,0.09659724
11.498666666666667,0.16497907,0.013671875,498.51902435013653,602.6723410280919,785.15625,2.9417388e-08,115.342384,210.9375,0.45065272,8.466015,0.15903732
11.52,0.16808431,0.014892578125,505.9049895534284,552.9083460682674,761.71875,2.1859876e-08,140.18658,363.28125,0.45363402,8.729885,0.16639367
11.541333333333334,0.18243793,0.015869140625,494.8323762642956,537.9460337262184,750.0,1.4736322e-08,118.261116,375.0,0.5570546,8.459707,0.3080605
11.562666666666667,0.19536118,0.01513671875,483.64918681665847,535.9221305162426,750.0,1.4125431e-08,168.11409,375.0,0.59616786,8.411612,0.13373585
11.584,0.2000108,0.016357421875,495.01234165022214,541.1115247061572,761.71875,1.22332935e-08,118.44198,328.125,0.656175,8.592146,0.14241539
11.605333333333334,0.21459202,0.016845703125,504.07737460435493,530.1441044722784,761.71875,1.1210121e-08,101.790375,375.0,0.67615026,8.64452,0.21999621
11.626666666666667,0.2300413,0.01611328125,484.94425572970596,513.4975391039708,750.0,8.490697e-09,107.50768,375.0,0.6569804,8.492269,0.3276675
11.648,0.22638771,0.015625,458.45420474825346,507.4628312599224,726.5625,7.355433e-09,83.14094,375.0,0.634532,8.609458,0.14361788
11.669333333333332,0.21606855,0.0146484375,457.8297745035192,526.1196647386064,738.28125,8.073671e-09,120.24632,375.0,0.6407796,8.337462,0.12475669
11.690666666666667,0.20156424,0.0126953125,483.3923800583218,550.6283619049564,761.71875,1.2813575e-08,137.73924,328.125,0.59986037,8.542059,0.16054004
11.712,0.1999858,0.011474609375,490.7459238729716,563.229251349457,832.03125,1.2653257e-08,136.83289,210.9375,0.5016866,8.349554,0.23608291
11.733333333333333,0.20612775,0.0107421875,460.3877287010192,558.0200464215844,750.0,1.2068942e-08,89.080315,210.9375,0.45314437,8.423243,0.27399373
11.754666666666667,0.23336132,0.010009765625,445.9413982666059,533.0159302166448,738.28125,1.2352558e-08,109.006676,210.9375,0.49545246,8.587742,0.2291205
11.776,0.24449795,0.0107421875,454.80267472341586,526.7490463852527,726.5625,1.15567405e-08,107.632484,210.9375,0.54636556,8.518438,0.31826976
11.797333333333333,0.23826037,0.01123046875,426.8597251308262,508.6556856543798,667.96875,8.647964e-09,128.38379,210.9375,0.53909045,8.535898,0.28642428
11.818666666666667,0.22838965,0.01220703125,438.96963908006245,523.3467989080706,679.6875,8.982994e-09,122.309006,210.9375,0.5328581,8.373594,0.16946773
11.84,0.19048499,0.012451171875,464.2466938498688,553.445947798324,750.0,1.296167e-08,125.26259,281.25,0.5066229,8.518841,0.16748981
11.861333333333333,0.17973639,0.013671875,483.3221965670054,575.2700694152802,738.28125,1.860879e-08,117.61159,210.9375,0.49578023,8.307991,0.19443429
11.882666666666667,0.1845794,0.014892578125,498.8009794115451,550.5240179534604,750.0,1.5402874e-08,164.18674,375.0,0.57788754,8.585705,0.1288621
11.904,0.19905755,0.01513671875,518.736834995419,547.8492410116116,855.46875,9.547893e-09,142.19511,375.0,0.62839615,8.592036,0.26293924
11.925333333333333,0.21015336,0.015869140625,515.5547991907873,548.0155394708843,843.75,8.046969e-09,71.64852,375.0,0.6039316,8.533854,0.2866108
11.946666666666667,0.21395837,0.015625,502.9550263594229,542.4082603114844,761.71875,8.403403e-09,90.885704,375.0,0.6246092,8.46916,0.2141416
11.968,0.20566016,0.016357421875,499.3339811598652,527.8390223485823,750.0,1.0443287e-08,80.21994,375.0,0.5995577,8.4369,0.099887535
11.989333333333333,0.20118418,0.016357421875,514.4833171367518,537.8486179631266,761.71875,1.2385556e-08,88.95662,375.0,0.6524065,8.639557,0.22578992
12.010666666666667,0.19775426,0.01611328125,519.5222584478871,541.1898862672392,785.15625,1.1983774e-08,75.0662,375.0,0.6913528,8.784251,0.18600988
12.032,0.18181215,0.016357421875,505.09455396129596,545.7979175708573,808.59375,1.23296475e-08,84.27082,375.0,0.6995491,8.480959,0.21146438
12.053333333333333,0.19585516,0.013916015625,489.2166606785003,560.261710438358,761.71875,1.6253425e-08,133.79124,328.125,0.663774,8.521631,0.1333199
12.074666666666667,0.2135328,0.01171875,458.2194491454078,556.1846970697509,750.0,1.4535535e-08,171.46754,210.9375,0.5247137,8.718414,0.18527941
12.096,0.24277553,0.010498046875,431.01178134416944,542.1362980325657,726.5625,8.094235e-09,185.88976,210.9375,0.3971597,8.581892,0.271612
12.117333333333333,0.26165822,0.009765625,412.8338098262699,525.470884525848,679.6875,7.2401174e-09,137.40189,210.9375,0.37488735,8.465385,0.31731147
12.138666666666667,0.2916867,0.009521484375,418.3759167484409,520.0788084555592,667.96875,8.485214e-09,145.01602,210.9375,0.43681055,8.359469,0.22763593
12.16,0.28842318,0.01171875,410.5648742852475,497.496702059749,667.96875,7.036757e-09,137.1936,210.9375,0.47691402,8.590869,0.2886869
12.181333333333333,0.28706187,0.01171875,410.9552895005748,488.59289397695,667.96875,6.127703e-09,105.63106,210.9375,0.47113687,8.744099,0.4124447
12.202666666666667,0.27561066,0.011474609375,419.8032614435979,493.95102449590064,679.6875,6.8645103e-09,97.66363,210.9375,0.49092388,8.449816,0.18246527
12.224,0.2253217,0.0126953125,439.68053578166746,536.6286365619355,726.5625,9.704166e-09,110.24479,210.9375,0.5209787,8.623835,0.15585482
12.245333333333333,0.21318635,0.012451171875,458.7079241254243,566.7443984191308,726.5625,1.5320907e-08,118.798225,210.9375,0.4945415,8.593386,0.23512003
12.266666666666667,0.19582628,0.013671875,486.8764351049438,565.208316617583,750.0,1.5053642e-08,148.92743,375.0,0.5860111,8.29987,0.15122722
12.288,0.19349796,0.0146484375,498.0369752309813,538.6660137934657,808.59375,1.2446113e-08,113.764626,375.0,0.6075033,8.552627,0.25347313
12.309333333333333,0.1936189,0.01513671875,505.86930985974703,542.5900194074896,796.875,1.4130036e-08,94.83429,375.0,0.60791934,8.706766,0.26427305
12.330666666666668,0.19826394,0.015625,511.2965811471949,542.8016714626424,761.71875,1.8513388e-08,121.67694,375.0,0.62733495,8.297533,0.21442814
12.352,0.19109738,0.01611328125,501.66031444688997,540.1677617257267,750.0,1.493363e-08,106.52148,375.0,0.5848298,8.609501,0.09482041
12.373333333333333,0.19596678,0.01611328125,499.77344893865876,541.6317611428856,750.0,1.3474855e-08,75.61964,375.0,0.5785726,8.441328,0.18019487
12.394666666666666,0.19408906,0.017578125,512.2653424910736,534.0610434332127,773.4375,1.6645261e-08,69.48363,328.125,0.588455,8.285073,0.2509896
12.416,0.17980036,0.0166015625,535.0982785292892,557.5615588515153,820.3125,2.0215978e-08,96.582146,328.125,0.64923775,8.60899,0.14905624
12.437333333333333,0.1670899,0.01611328125,531.9868972647931,571.4214291623437,820.3125,2.1436358e-08,100.98263,328.125,0.6520735,8.743224,0.1514787
12.458666666666666,0.15810633,0.014892578125,517.596575017568,578.1310381998615,832.03125,1.5384142e-08,109.8801,210.9375,0.5280239,8.179144,0.1379995
12.48,0.14974579,0.01318359375,516.8006252468922,576.1255711452417,832.03125,1.6538669e-08,69.063095,210.9375,0.4660194,8.308718,0.14542755
12.501333333333333,0.1591961,0.013427734375,506.59093326862455,581.2753493096491,820.3125,2.3189402e-08,107.84478,210.9375,0.5146784,8.538762,0.1837201
12.522666666666666,0.17361042,0.01318359375,516.8398159127897,564.6458560927696,773.4375,2.4266383e-08,145.92133,281.25,0.5668888,8.668964,0.2075524
12.544,0.19807118,0.012451171875,493.7965486063557,518.1282312048554,750.0,1.2922393e-08,150.01709,281.25,0.57768595,8.399532,0.24041528
12.565333333333333,0.20916077,0.0126953125,474.38669361005174,511.66996112532803,738.28125,9.237774e-09,90.41609,210.9375,0.5457427,8.333162,0.28605455
12.586666666666666,0.20942445,0.0126953125,455.13601476550633,527.4665451072053,738.28125,9.270212e-09,83.85364,210.9375,0.54023325,8.526026,0.10171278
12.608,0.20335126,0.013427734375,479.3045997227233,561.8252646395299,750.0,1.2246151e-08,87.012764,281.25,0.5484353,8.9150715,0.23792957
12.629333333333333,0.20478295,0.01513671875,497.9274653243188,551.9438595109824,750.0,1.3903185e-08,131.5053,363.28125,0.56970644,8.253465,0.24761625
12.650666666666666,0.22252564,0.015380859375,496.9245978407464,518.1306280702285,750.0,1.07180185e-08,148.52362,375.0,0.6142091,8.501614,0.19101931
12.672,0.22519892,0.01611328125,494.0766320042376,515.3241906940856,750.0,9.2575405e-09,114.403175,375.0,0.5859277,8.580326,0.2845959
12.693333333333333,0.22339076,0.01611328125,478.9041255730691,527.4586656625459,738.28125,1.0212547e-08,107.044266,375.0,0.5974445,8.636438,0.24838664
12.714666666666666,0.20034313,0.015625,489.80200827274484,524.4876538709897,726.5625,1.3673667e-08,130.71814,375.0,0.6214967,8.392522,0.104147375
12.736,0.17911278,0.0166015625,492.19685016665693,535.1779259130914,726.5625,1.540636e-08,99.67735,375.0,0.5819105,8.55208,0.14056899
12.757333333333333,0.17287491,0.01611328125,513.8896950781779,533.3472591069052,750.0,1.729357e-08,82.20651,328.125,0.618355,8.809337,0.17552972
12.778666666666666,0.16998072,0.01513671875,534.3615409676489,528.6150566977282,808.59375,1.4846284e-08,73.78342,375.0,0.65175396,8.552079,0.2098818
12.8,0.15638486,0.01611328125,531.1873169192767,546.2834490089496,832.03125,1.4755775e-08,106.50823,210.9375,0.61088836,8.343509,0.09906154
12.821333333333333,0.15169191,0.013671875,516.1477819847273,577.6091186186244,832.03125,1.966529e-08,106.28784,222.65625,0.562118,8.525881,0.15038359
12.842666666666666,0.17378186,0.011962890625,525.1855989374194,617.9346308319014,960.9375,1.7801888e-08,78.45944,222.65625,0.54889905,8.4646,0.10334167
12.864,0.18082862,0.01220703125,487.9038274483515,593.0515640993572,843.75,8.53627e-09,166.47713,210.9375,0.38449487,8.495212,0.24779257
12.885333333333334,0.20233539,0.01220703125,473.24829433527566,559.9527538983526,808.59375,8.822143e-09,97.27252,210.9375,0.4024212,8.718139,0.17851543
12.906666666666666,0.2222924,0.012451171875,491.97575075620955,547.15434291307,796.875,1.3167424e-08,160.12424,210.9375,0.45416617,8.455303,0.27658182
12.928,0.24484725,0.012451171875,484.6853057460296,513.1912611832292,761.71875,1.1628477e-08,80.96635,210.9375,0.506506,8.676178,0.36748603
12.949333333333334,0.23727623,0.012451171875,445.7487486550158,495.64827350774186,679.6875,6.085962e-09,199.51115,210.9375,0.47414106,8.561504,0.24408348
12.970666666666666,0.22594433,0.0107421875,440.8143395866164,513.2333725491578,679.6875,7.044034e-09,116.74942,210.9375,0.5278698,8.566336,0.20883034
12.992,0.2190493,0.010498046875,507.5282999018094,574.228044254382,773.4375,1.743819e-08,242.4006,199.21875,0.54845005,8.719769,0.22593406
13.013333333333334,0.18913808,0.01171875,500.1648717274263,554.1180142108689,750.0,1.3122159e-08,164.52914,210.9375,0.46242118,8.62309,0.17099918
13.034666666666666,0.19605854,0.011474609375,471.9985258331213,516.2521295884725,738.28125,9.444146e-09,118.44974,210.9375,0.46543488,8.682814,0.34767872
13.056,0.19453275,0.0126953125,479.5912161127342,519.745354831774,738.28125,1.0039364e-08,128.37502,210.9375,0.50919306,8.50702,0.22982351
13.077333333333334,0.18361859,0.01416015625,496.09104865332654,542.4431891290092,750.0,1.5454216e-08,160.23503,222.65625,0.61257124,8.375904,0.19146577
13.098666666666666,0.15391788,0.015625,500.4569787997561,548.8526032528492,738.28125,1.7320883e-08,75.21843,375.0,0.62505394,8.600187,0.13225438
13.12,0.14373975,0.01611328125,510.9720574897437,555.5211590837489,738.28125,2.0518854e-08,73.516556,210.9375,0.5468669,8.356792,0.12898718
13.141333333333334,0.17375049,0.015380859375,542.6837704240697,567.558549019676,843.75,2.6333911e-08,107.73577,375.0,0.58318996,8.435549,0.15649593
13.162666666666667,0.1813277,0.0146484375,497.9952880016963,528.6685743167938,750.0,1.5232132e-08,164.78511,199.21875,0.6282589,8.438606,0.20624566
13.184,0.18520024,0.013916015625,485.59719278307375,513.685891386572,750.0,9.464246e-09,144.69351,210.9375,0.56798357,8.530809,0.23551403
13.205333333333334,0.18732458,0.014404296875,495.70966993701705,541.0324883898561,750.0,1.1865681e-08,106.0037,210.9375,0.54615337,8.362628,0.1316455
13.226666666666667,0.16504115,0.013427734375,537.3014790252005,596.696657551165,914.0625,2.0461243e-08,150.59157,222.65625,0.5484888,8.448872,0.14844295
13.248,0.15228875,0.013427734375,494.8225799343764,588.2936559136606,832.03125,1.3497136e-08,156.77275,210.9375,0.47167587,8.514643,0.1580239
13.269333333333334,0.1640059,0.013427734375,483.85369253975216,576.1596265742844,820.3125,1.6808754e-08,88.47502,210.9375,0.43540663,8.317436,0.21602793
13.290666666666667,0.18449377,0.0126953125,482.1418136963224,543.6808336676622,820.3125,1.5520895e-08,147.06316,199.21875,0.6072261,8.43829,0.13637847
13.312,0.20936944,0.01318359375,465.98894643186935,505.2366804381759,750.0,1.1182424e-08,158.53156,210.9375,0.57720435,8.354047,0.3046995
13.333333333333334,0.22276656,0.01318359375,435.4597569353959,503.2350432856928,667.96875,8.018638e-09,141.80344,210.9375,0.5097711,8.303204,0.22080223
13.354666666666667,0.21835144,0.011962890625,443.0269947739218,524.3915220951181,726.5625,9.995175e-09,96.39068,210.9375,0.49369982,8.482085,0.19870324
13.376,0.21816204,0.011474609375,458.24492436905365,546.884538778678,738.28125,1.6855552e-08,134.87413,210.9375,0.48608208,8.593691,0.22750033
13.397333333333334,0.19765523,0.011962890625,458.8788225747038,538.4038476570153,738.28125,1.7017518e-08,72.346825,199.21875,0.48095053,8.637812,0.13913609
13.418666666666667,0.2002375,0.012451171875,466.06545096268144,534.2269543527669,738.28125,1.3372862e-08,100.706345,210.9375,0.5339521,8.456123,0.24541304
13.44,0.2019951,0.013427734375,462.15054627819853,534.4422208392816,738.28125,1.3897942e-08,93.18232,210.9375,0.56446195,8.607264,0.18815327
13.461333333333334,0.18332171,0.01416015625,462.5739177449216,524.2673599987044,679.6875,1.5751738e-08,101.066826,210.9375,0.58745134,8.337154,0.15659066
13.482666666666667,0.18154038,0.015380859375,519.2804328585072,538.5853100695745,750.0,2.3828365e-08,143.57584,328.125,0.6112766,8.452768,0.065640815
13.504,0.16616146,0.015380859375,513.6865125659474,546.2204200804924,738.28125,2.1433557e-08,87.18304,328.125,0.6256256,8.518664,0.22668311
13.525333333333334,0.1693326,0.015869140625,513.1063603428233,555.778855125265,750.0,2.0030674e-08,85.797714,222.65625,0.56613064,8.48642,0.24058968
13.546666666666667,0.17647742,0.015869140625,518.2186606337929,558.9503200696093,761.71875,2.3684951e-08,93.63178,222.65625,0.5718162,8.340846,0.1264392
13.568,0.17780326,0.013916015625,523.8632645108871,572.8144632280498,820.3125,2.45737e-08,77.711075,222.65625,0.5510299,8.601688,0.2490908
13.589333333333334,0.17355968,0.013427734375,506.056601028408,579.3916537951695,820.3125,1.9813108e-08,69.989296,222.65625,0.5669935,8.313549,0.16970299
13.610666666666667,0.16160494,0.01318359375,479.7166404653827,575.7367115617982,773.4375,1.5300378e-08,86.15616,222.65625,0.5009878,8.532806,0.11248376
13.632,0.16280837,0.013427734375,495.0298308692207,585.103642417601,785.15625,2.291937e-08,120.64516,210.9375,0.5062195,8.4934025,0.13453974
13.653333333333334,0.19020848,0.013671875,481.8559143483002,555.9890278474311,761.71875,1.668109e-08,97.609,210.9375,0.5231701,8.586843,0.17105408
13.674666666666667,0.21972568,0.01318359375,458.0290374497109,505.6567235121843,738.28125,9.82135e-09,145.338,210.9375,0.49144036,8.684534,0.30901963
13.696,0.26996735,0.01123046875,452.19272405754475,498.8228212366855,714.84375,7.515625e-09,111.735634,210.9375,0.5403469,8.428787,0.31702325
13.717333333333332,0.2785895,0.009521484375,431.7270146979878,496.6880828157309,667.96875,5.657978e-09,134.25363,210.9375,0.4808878,8.508516,0.20495072
13.738666666666667,0.26560122,0.009521484375,429.6941276565407,507.9260448313203,656.25,6.726833e-09,78.957664,210.9375,0.4498159,8.573009,0.30105639
13.76,0.2611505,0.009521484375,456.6723566620562,560.0284378193676,726.5625,1.2200988e-08,204.13522,210.9375,0.47098792,8.577157,0.16017383
13.781333333333333,0.21680093,0.01025390625,458.3899308804502,555.3049734660332,738.28125,1.0342694e-08,138.62923,210.9375,0.4906366,8.38918,0.19693758
13.802666666666667,0.20082927,0.011962890625,455.3011208092886,544.371032736648,738.28125,1.0381564e-08,85.950905,210.9375,0.44033018,8.646252,0.25412327
13.824,0.20125815,0.013427734375,483.15989248112726,550.4046593053789,738.28125,2.0527109e-08,191.36984,210.9375,0.45861557,8.377861,0.24643697
13.845333333333333,0.20646428,0.01318359375,486.4628675649015,537.2852738958495,750.0,1.9236586e-08,114.50365,328.125,0.55631644,8.504717,0.19713339
13.866666666666667,0.21271804,0.013671875,460.6416923396125,514.4738121868439,726.5625,1.2140929e-08,180.2243,210.9375,0.511387,8.460697,0.24434242
13.888,0.21432476,0.013916015625,454.4280482027077,531.282836496135,726.5625,1.2169011e-08,122.82879,222.65625,0.50388914,8.432476,0.25044128
13.909333333333333,0.21826121,0.01220703125,473.85479863684776,540.2883415199182,738.28125,1.4758485e-08,179.12817,375.0,0.5543712,8.281094,0.19859394
13.930666666666667,0.19474496,0.011962890625,463.9341568324902,539.3654498352078,738.28125,1.4192373e-08,123.56079,222.65625,0.5639336,8.523664,0.1589788
13.952,0.18482687,0.011474609375,462.4704579954716,558.4292296627777,738.28125,1.3222229e-08,116.495384,222.65625,0.51916933,8.296934,0.17330015
13.973333333333333,0.17853163,0.009521484375,468.20332997007137,582.436494725406,773.4375,1.4386161e-08,127.190926,210.9375,0.49746794,8.235117,0.18451935
13.994666666666667,0.1626529,0.011474609375,490.17975128626864,597.6157837416704,796.875,2.0165803e-08,125.005806,210.9375,0.49273086,8.615997,0.15807949
14.016,0.16949415,0.013671875,470.3789537374762,561.0652360950619,761.71875,1.737897e-08,122.90908,281.25,0.5772146,8.617256,0.25270006
14.037333333333333,0.19759142,0.013427734375,474.6147080970311,541.4171615027532,761.71875,1.6726506e-08,123.16556,281.25,0.569323,8.693157,0.13843684
14.058666666666667,0.21541986,0.01513671875,460.4014706401711,524.6786165485825,738.28125,1.1414869e-08,131.9899,210.9375,0.5797449,8.576442,0.31834474
14.08,0.22535288,0.013427734375,466.69613889395066,523.9988168599202,750.0,9.755142e-09,77.842575,210.9375,0.5834693,8.545524,0.25747797
14.101333333333333,0.22221601,0.01123046875,467.6179068358585,538.6399927491519,750.0,1.1333407e-08,79.08174,210.9375,0.5710178,8.534084,0.18328345
14.122666666666667,0.19577157,0.01171875,460.4070959297449,564.1087266338436,738.28125,1.2889913e-08,112.76122,210.9375,0.5204058,8.805327,0.23520234
14.144,0.17808878,0.011962890625,494.3463970563381,613.0414907090816,820.3125,1.867201e-08,110.53317,210.9375,0.46731126,8.66569,0.14110501
14.165333333333333,0.16737722,0.0126953125,507.535732050046,613.516495551615,832.03125,1.9278037e-08,97.65104,210.9375,0.4681937,8.193537,0.20321168
14.186666666666667,0.15947354,0.0146484375,487.82378234887705,580.3697268111753,761.71875,1.7131404e-08,100.57852,210.9375,0.4959838,8.334375,0.160775
14.208,0.20528907,0.013671875,496.39063878686767,577.935176337707,750.0,1.8169034e-08,137.33568,328.125,0.5624614,8.478521,0.18928388
14.229333333333333,0.23017876,0.0126953125,473.30855367641544,544.0818303812688,750.0,1.1273014e-08,192.11401,222.65625,0.59143746,8.56786,0.23821528
14.250666666666667,0.23469011,0.0126953125,450.0129752888916,527.1068748883035,738.28125,7.558204e-09,153.89682,222.65625,0.53947294,8.47332,0.376673
14.272,0.23836105,0.01123046875,460.00984218624353,562.7134893825868,750.0,1.0678717e-08,170.82245,222.65625,0.5523821,8.352594,0.27316207
14.293333333333333,0.20966792,0.01220703125,469.40263609769283,594.1925816215323,750.0,1.8810802e-08,216.62358,222.65625,0.5773659,8.62954,0.12866332
14.314666666666668,0.19111584,0.011962890625,480.2066487986336,594.2997522689876,820.3125,1.8989814e-08,156.6582,222.65625,0.6068295,8.456292,0.17645113
14.336,0.18196483,0.01220703125,467.4785093835916,601.4465731029997,832.03125,1.6262693e-08,127.591545,210.9375,0.54265183,8.573967,0.24512433
14.357333333333333,0.18133667,0.012451171875,494.25555071330865,626.5414832258053,855.46875,2.2384535e-08,120.96677,210.9375,0.47654778,8.372841,0.19818091
14.378666666666666,0.16880317,0.01318359375,484.77961446511085,616.4654537466658,796.875,2.1476176e-08,118.215,210.9375,0.4908548,8.504585,0.20249142
14.4,0.1817181,0.013671875,494.60070540918696,597.348650738848,761.71875,2.6502967e-08,103.15246,210.9375,0.5394326,8.245165,0.14308858
14.421333333333333,0.19450155,0.0126953125,506.47492058983056,590.2144913973012,796.875,2.5095876e-08,111.79778,210.9375,0.5784381,8.502309,0.21862817
14.442666666666666,0.19561854,0.012939453125,497.4257402778651,589.6283471722999,785.15625,1.5783428e-08,116.84021,210.9375,0.536723,8.523529,0.38781542
14.464,0.21206796,0.011474609375,521.9883703467012,611.2559554988808,855.46875,1.7108306e-08,81.021225,210.9375,0.5520544,8.498855,0.16712527
14.485333333333333,0.19664398,0.0126953125,514.0858595023323,615.011529526169,832.03125,1.4885198e-08,81.506134,210.9375,0.56106544,8.345934,0.23339555
14.506666666666666,0.17723368,0.014404296875,511.41607277290154,636.6933769456256,832.03125,1.8828597e-08,85.430984,210.9375,0.5374818,8.575032,0.1544442
14.528,0.16660266,0.0146484375,561.9444255815777,678.3880314041279,937.5,3.1737205e-08,131.82257,210.9375,0.5288087,8.425057,0.23026352
14.549333333333333,0.14553961,0.015869140625,570.5298284816442,695.4925164369483,937.5,3.7022545e-08,117.98801,199.21875,0.5222852,8.27492,0.1409689
14.570666666666666,0.1467463,0.01611328125,553.352647081402,674.6414843849872,832.03125,3.368096e-08,108.055084,328.125,0.6151976,8.227022,0.12345496
14.592,0.19065021,0.013916015625,572.5286642312992,674.931861032081,878.90625,3.335343e-08,98.97952,328.125,0.6339107,8.436828,0.19658767
14.613333333333333,0.1983637,0.01513671875,527.479109266098,641.7615797398162,796.875,2.1912307e-08,197.7058,222.65625,0.5611114,8.608607,0.3118035
14.634666666666666,0.19946222,0.0146484375,492.9853124974418,654.6582041274796,761.71875,2.0974696e-08,93.29644,222.65625,0.5248203,8.567218,0.36243278
14.656,0.20094523,0.0126953125,519.1010896215231,701.9081616814843,867.1875,3.3784e-08,152.4685,222.65625,0.5818719,8.570347,0.13342105
14.677333333333333,0.16920012,0.013916015625,522.637911829526,711.8980461112499,914.0625,3.2561953e-08,78.92705,222.65625,0.5796573,8.354057,0.19571248
14.698666666666666,0.16096926,0.014404296875,534.3111727599448,731.2110100661778,937.5,2.8708497e-08,125.426994,222.65625,0.51542366,8.5968895,0.15169014
14.72,0.16439016,0.0146484375,543.549585952972,727.8247822228926,984.375,2.8606895e-08,113.57499,210.9375,0.5411853,8.356682,0.15418194
14.741333333333333,0.1564431,0.016357421875,583.3613264434175,720.5408784722567,1101.5625,3.401681e-08,126.82073,187.5,0.51766646,8.589909,0.21180186
14.762666666666666,0.15046774,0.017822265625,567.7060989767351,701.6194577972965,1007.8125,2.885916e-08,111.3712,187.5,0.5304629,8.539574,0.15864557
14.784,0.15212922,0.016357421875,595.1573905200304,729.6914090248295,984.375,4.8353048e-08,121.20549,187.5,0.53842694,8.495043,0.19180426
14.805333333333333,0.15398043,0.016845703125,583.4498160071878,755.0890637574308,972.65625,4.5752525e-08,135.34918,210.9375,0.54873294,8.723781,0.19464892
14.826666666666666,0.15340416,0.016845703125,591.2080005874687,761.4452264120456,949.21875,3.776854e-08,106.54868,210.9375,0.55526614,8.547662,0.22460595
14.848,0.17080471,0.01513671875,611.730911997633,779.5526811237717,949.21875,3.5840475e-08,101.7784,281.25,0.61991763,8.340607,0.17434801
14.869333333333334,0.16516097,0.01611328125,589.5589347697739,771.1886675181812,937.5,2.7226879e-08,104.46735,210.9375,0.62329954,8.641823,0.21885623
14.890666666666666,0.15023914,0.01611328125,611.1935820720056,801.5298859201354,1031.25,3.0856e-08,81.31589,210.9375,0.56051636,8.655762,0.21795546
14.912,0.14461271,0.01611328125,669.8113848684302,835.7375876242577,1113.28125,4.9648996e-08,128.26178,222.65625,0.5433667,8.396048,0.16068694
14.933333333333334,0.1255591,0.017578125,667.5317032312853,854.5810859886567,1066.40625,4.8614698e-08,83.347786,222.65625,0.6176312,8.635677,0.13188605
14.954666666666666,0.15609188,0.015625,619.6054205108122,833.6086890918724,890.625,3.6918774e-08,80.62014,328.125,0.62817234,8.546156,0.17943743
14.976,0.17002991,0.0146484375,599.2573416693886,789.5999771672246,925.78125,2.7063313e-08,109.61867,222.65625,0.6199648,8.45735,0.16845734
14.997333333333334,0.1809259,0.013427734375,600.5477983426713,800.7907559617862,984.375,2.502428e-08,103.76234,222.65625,0.57076097,8.448166,0.24344556
15.018666666666666,0.17667721,0.012451171875,600.0200053136497,832.6391928391764,984.375,4.5818805e-08,62.61326,222.65625,0.57850844,8.521902,0.23508795
15.04,0.14987122,0.013427734375,647.8195730561501,919.4907561738798,1113.28125,8.224959e-08,123.981995,222.65625,0.5773014,8.638082,0.1318522
15.061333333333334,0.13928837,0.013916015625,682.1300297249749,945.1283162246094,1125.0,8.8188195e-08,75.57038,222.65625,0.56384414,8.40191,0.10378916
15.082666666666666,0.13369061,0.014404296875,679.6383635697485,922.0523533044757,1148.4375,5.2527394e-08,82.490906,117.1875,0.49774036,8.307786,0.12962592
15.104,0.13947733,0.013916015625,683.1496462663672,893.6464085001679,1136.71875,4.847204e-08,75.81226,105.46875,0.52437663,8.556967,0.18817365
15.125333333333334,0.14356668,0.014404296875,631.6498321626407,854.5390408432692,1101.5625,3.985291e-08,87.65746,210.9375,0.48176634,8.900854,0.1927521
15.146666666666667,0.14274795,0.015869140625,643.2977410179464,850.4820965830763,1101.5625,4.8055153e-08,99.76045,210.9375,0.5019691,8.52213,0.16933778
15.168,0.13948102,0.01708984375,670.8493851850766,879.7025364134646,1113.28125,5.6513684e-08,99.284584,199.21875,0.53367424,8.550539,0.15000485
15.189333333333334,0.1350336,0.017578125,701.1602201199371,914.5216022153078,1183.59375,6.4272186e-08,93.189476,210.9375,0.5289853,8.60663,0.20384385
15.210666666666667,0.14317395,0.01708984375,694.1307322031604,925.917259382507,1136.71875,5.780756e-08,89.07937,210.9375,0.5609817,8.479539,0.16823024
15.232,0.15250339,0.015869140625,681.3154222118284,944.5387180087166,1125.0,5.2902404e-08,68.22404,210.9375,0.56391835,8.617359,0.17642428
15.253333333333334,0.15016973,0.014404296875,633.5386565457146,916.0285519947844,1054.6875,4.2959282e-08,83.66423,210.9375,0.54728234,8.700211,0.15579575
15.274666666666667,0.14363456,0.014892578125,664.8815112401136,944.6527845885214,1101.5625,5.400188e-08,85.155075,210.9375,0.53612775,8.501598,0.16823985
15.296,0.13672656,0.014892578125,710.6709196294044,986.7743630584661,1136.71875,7.7132675e-08,115.86501,222.65625,0.5022381,8.563126,0.11660524
15.317333333333334,0.13265392,0.01611328125,696.9089062420891,979.9052674438775,1207.03125,6.5940476e-08,89.21053,222.65625,0.5122641,8.636827,0.13606316
15.338666666666667,0.16405497,0.016845703125,664.911109153924,932.0661596586781,1125.0,4.7797688e-08,104.668655,222.65625,0.61023647,8.362474,0.25813994
15.36,0.18222661,0.015869140625,618.7068087362297,891.7313407094504,1042.96875,3.469507e-08,145.2912,222.65625,0.6037348,8.897576,0.19988418
15.381333333333334,0.18142244,0.015380859375,623.7280433854552,921.4682077689085,1031.25,2.973994e-08,99.31465,222.65625,0.5327689,8.474757,0.2931251
15.402666666666667,0.17717083,0.01416015625,632.9700188202507,946.3418662839929,1078.125,4.1839638e-08,90.6957,222.65625,0.5158248,8.634106,0.23736551
15.424,0.14619781,0.01318359375,675.1885477599882,997.7584154696214,1125.0,5.7081124e-08,124.58045,187.5,0.5509463,8.575486,0.10801576
15.445333333333334,0.13046397,0.01513671875,714.0103492705676,1038.959241760807,1253.90625,6.3912765e-08,86.23107,70.3125,0.503179,8.450798,0.13281713
15.466666666666667,0.13416171,0.01708984375,758.9161154538735,1029.9370752048505,1324.21875,6.026949e-08,86.40951,70.3125,0.49051243,8.4016285,0.1806419
15.488,0.14007492,0.0185546875,756.4698992628757,1010.176217643287,1300.78125,5.187752e-08,76.631226,375.0,0.5290296,8.369432,0.232363
15.509333333333334,0.1448786,0.0185546875,704.8325164046273,962.1703809496009,1125.0,4.6584056e-08,80.775665,375.0,0.53690857,8.598715,0.19538797
15.530666666666667,0.1486205,0.01708984375,704.3047372649241,976.755277368649,1113.28125,5.8206354e-08,92.968895,281.25,0.53946054,8.495994,0.17846891
15.552,0.14958183,0.01513671875,708.3437131769718,1009.8081805659357,1136.71875,6.2229496e-08,81.596146,281.25,0.57718325,8.59491,0.16729738
15.573333333333334,0.15061986,0.015869140625,705.1133554434438,992.1145584969606,1277.34375,5.809062e-08,66.21515,281.25,0.6055925,8.46348,0.14838246
15.594666666666667,0.1540658,0.015869140625,728.9765024035844,1028.2816752732977,1312.5,5.6645856e-08,71.56877,281.25,0.6051758,8.62134,0.20034501
15.616,0.15171294,0.018310546875,685.6581972922223,1023.1126232931126,1289.0625,4.2371987e-08,79.38511,281.25,0.5864976,8.259696,0.1816343
15.637333333333334,0.14528988,0.018310546875,686.6668491092679,1005.4609195462066,1265.625,3.8932757e-08,69.49279,210.9375,0.5247065,8.536661,0.09787033
15.658666666666667,0.1411324,0.017333984375,735.9512195913704,1036.91563752596,1300.78125,6.2813555e-08,87.79889,281.25,0.50312907,8.433704,0.21100394
15.68,0.13626367,0.017822265625,762.1206832439905,1038.413038699613,1371.09375,7.520171e-08,78.69378,281.25,0.56255376,8.441669,0.14103578
15.701333333333332,0.14209513,0.015869140625,740.5383404654788,1025.9162948150934,1289.0625,7.09645e-08,67.37762,281.25,0.5899708,8.619583,0.15388733
15.722666666666667,0.1549846,0.016357421875,715.5007759448273,1010.9589042757243,1136.71875,6.007536e-08,61.856213,281.25,0.6183887,8.36458,0.20194322
15.744,0.1612504,0.014404296875,688.7144213956727,1004.9785022148519,1148.4375,4.602455e-08,102.3213,281.25,0.5818787,8.512524,0.1798805
15.765333333333333,0.16079222,0.015380859375,711.3044322993851,1021.5429286420712,1218.75,4.7028013e-08,82.98452,222.65625,0.5158688,8.529172,0.19421023
15.786666666666667,0.15212119,0.015380859375,711.4585331191444,1041.6755945294353,1195.3125,5.2647987e-08,81.14196,222.65625,0.5325692,8.543026,0.20418552
15.808,0.14270702,0.014892578125,731.3124681528169,1074.7930590160304,1242.1875,6.0187716e-08,103.08299,281.25,0.5785183,8.330537,0.075913064
15.829333333333333,0.14236228,0.0166015625,738.9242196638359,1082.5214912137772,1312.5,6.473804e-08,75.02095,281.25,0.59262246,8.370926,0.11624013
15.850666666666667,0.1473729,0.0166015625,741.1788946907024,1054.2883247257507,1300.78125,5.899729e-08,68.75025,281.25,0.5464363,8.438696,0.19119114
15.872,0.15870695,0.016357421875,726.875906909896,1016.4527969005379,1289.0625,6.054534e-08,65.42789,281.25,0.54875106,8.404346,0.29287115
15.893333333333333,0.16188286,0.018798828125,723.5403832559466,992.1501155388889,1207.03125,5.493918e-08,70.32585,281.25,0.551834,8.67839,0.1346168
15.914666666666667,0.15790011,0.017822265625,702.2838297343812,993.1700991440067,1125.0,5.2547954e-08,79.79106,281.25,0.5443491,8.477646,0.21142453
15.936,0.15838698,0.017578125,712.4365591435162,1022.0433025217673,1277.34375,5.2640036e-08,62.593586,281.25,0.5636972,8.5088005,0.1618485
15.957333333333333,0.15860514,0.016845703125,726.7874844027203,1017.3030201619836,1300.78125,4.981761e-08,67.16941,281.25,0.6072113,8.554471,0.17984606
15.978666666666667,0.15885884,0.014892578125,708.8851342531327,1031.0195938023403,1312.5,4.5577906e-08,80.69843,281.25,0.59402084,8.637306,0.16134153
16.0,0.15510006,0.01513671875,707.2697893237633,1041.6306899988492,1347.65625,4.133408e-08,81.12946,210.9375,0.55079496,8.25983,0.17108046
16.021333333333335,0.14424114,0.01416015625,715.3820818804842,1041.3106510595144,1312.5,4.421098e-08,77.300354,281.25,0.5073329,8.20582,0.07266733
16.042666666666666,0.13704032,0.015625,780.3483080103003,1074.2219663019875,1335.9375,5.9923856e-08,102.42028,281.25,0.52387345,8.2258625,0.1594978
16.064,0.13373727,0.01708984375,795.1498225778308,1085.17186240662,1371.09375,6.420612e-08,64.717384,281.25,0.5876288,8.543216,0.16862792
16.085333333333335,0.1401834,0.01708984375,756.2494787302642,1025.378238749959,1277.34375,5.7553365e-08,59.815636,281.25,0.636137,8.4217005,0.21381748
16.106666666666666,0.152443,0.01708984375,737.8269346230672,1014.8874063662294,1277.34375,5.47827e-08,65.5426,281.25,0.6590886,8.633004,0.2315187
16.128,0.15350045,0.016845703125,702.2622452198347,1007.3061903851346,1242.1875,5.4250865e-08,101.3939,222.65625,0.5731513,8.483136,0.18026976
16.149333333333335,0.1522205,0.0146484375,726.7169742013775,1034.2297594857762,1242.1875,6.051011e-08,78.8637,222.65625,0.53649783,8.668867,0.1380858
16.170666666666666,0.1496593,0.0146484375,729.048110987263,1056.4263648932251,1265.625,6.838584e-08,94.84329,105.46875,0.55814874,8.517504,0.19710666
16.192,0.1517181,0.014404296875,721.8020020453365,1068.7344467365533,1300.78125,6.2542156e-08,67.84992,117.1875,0.57498986,8.274693,0.0997814
16.213333333333335,0.15153037,0.013916015625,704.878367096078,1058.3388449890626,1300.78125,4.4784713e-08,55.5554,117.1875,0.530389,8.431425,0.14327617
16.234666666666666,0.16069765,0.014404296875,719.3068362025144,1040.1336016912237,1289.0625,4.3092456e-08,80.128365,281.25,0.5396974,8.362888,0.20178246
16.256,0.1689722,0.0146484375,725.6339556045663,1024.8285952126134,1335.9375,3.5580076e-08,71.00943,281.25,0.5662091,8.614753,0.3339098
16.277333333333335,0.17367773,0.01513671875,696.1210957397399,997.4151019720956,1160.15625,3.3831267e-08,73.8601,281.25,0.5711626,8.455434,0.14065826
16.298666666666666,0.17773217,0.014892578125,669.4670399664097,990.3466483952687,1113.28125,3.525136e-08,79.85802,281.25,0.5627265,8.662255,0.17224267
16.32,0.17466083,0.015380859375,685.9310707318821,988.6980646283804,1183.59375,3.6182833e-08,67.46239,281.25,0.60127956,8.633955,0.20657891
16.341333333333335,0.1712992,0.01416015625,688.61040280883,997.555065445922,1277.34375,3.5519765e-08,53.760223,70.3125,0.6071602,8.1458645,0.19746691
16.362666666666666,0.16766125,0.013671875,669.2307581939037,1001.3185369852176,1289.0625,5.8562073e-08,62.113937,70.3125,0.5735153,8.458556,0.13260432
16.384,0.16006537,0.012451171875,680.2159120257011,1041.0176567617525,1312.5,9.7514864e-08,66.72499,70.3125,0.5403812,8.332176,0.13618797
16.405333333333335,0.15098155,0.011962890625,707.538398382292,1063.3867209356113,1277.34375,1.2569315e-07,78.70401,70.3125,0.49542114,8.579757,0.11079513
16.426666666666666,0.14143553,0.012939453125,752.2308078515409,1070.5275003208328,1312.5,1.1419769e-07,78.364655,70.3125,0.509452,8.117194,0.177175
16.448,0.1366796,0.012939453125,752.5311827085808,1057.7288098370727,1324.21875,5.8506576e-08,59.18411,105.46875,0.545936,8.405565,0.15157335
16.469333333333335,0.1462958,0.013916015625,721.7871913082097,1011.6053864673689,1289.0625,4.883628e-08,47.042004,105.46875,0.60221916,8.474674,0.21855386
16.490666666666666,0.15364832,0.013916015625,712.093534956946,1001.1171585283056,1289.0625,4.7221807e-08,54.205074,105.46875,0.59671956,8.403208,0.1725032
16.512,0.15249531,0.014892578125,684.7952000804992,990.2085218303195,1136.71875,4.9723113e-08,70.85099,105.46875,0.5397322,8.447542,0.18386224
16.533333333333335,0.1515303,0.015380859375,701.4618497732184,1010.6781034564689,1136.71875,5.3661058e-08,55.278614,105.46875,0.51641476,8.349428,0.1642426
16.554666666666666,0.15719113,0.01513671875,703.1900343697396,1021.4835640225245,1160.15625,5.2868184e-08,69.267624,117.1875,0.5302408,8.390778,0.1697519
16.576,0.17044541,0.014404296875,650.1312100423306,984.1092318586174,1136.71875,4.6644296e-08,69.85424,117.1875,0.55722713,8.6272135,0.1691208
16.597333333333335,0.18713956,0.012939453125,639.0967228478862,953.5756194926399,1125.0,3.2744783e-08,79.19137,105.46875,0.56558824,8.392862,0.2226665
16.618666666666666,0.19289614,0.01171875,634.0431576941725,948.5359075154084,1125.0,2.655073e-08,58.949543,281.25,0.5562442,8.334126,0.27512562
16.64,0.19731681,0.012451171875,631.5273153758549,941.792222140638,1113.28125,2.6469102e-08,63.365253,281.25,0.5787171,8.242323,0.18036512
16.661333333333335,0.19631937,0.012939453125,613.9116483663119,915.2665693173342,1089.84375,3.379363e-08,74.45505,281.25,0.5585169,8.564146,0.26246694
16.682666666666666,0.1916296,0.0126953125,629.1738564524007,925.0158311435328,1113.28125,3.7860662e-08,63.281677,281.25,0.5691908,8.354832,0.19695532
16.704,0.18984935,0.0146484375,667.2300726046925,952.9705578413691,1136.71875,4.5625434e-08,57.697865,281.25,0.6069635,8.457314,0.228584
16.72533333333333,0.17533024,0.0146484375,647.1659654176232,960.7032962298204,1136.71875,4.7419483e-08,64.65793,281.25,0.580543,8.396803,0.16676262
16.746666666666666,0.16516463,0.01416015625,664.1656320087793,967.5837893760108,1148.4375,4.62232e-08,66.90478,281.25,0.54972357,8.366073,0.1759526
16.768,0.15899429,0.01416015625,677.0513886451798,999.9386290837214,1148.4375,3.4160966e-08,60.695824,281.25,0.58038056,8.297759,0.17841585
16.78933333333333,0.15037005,0.013671875,708.5623814837857,1007.4345626622376,1289.0625,3.693626e-08,54.239544,281.25,0.5647138,8.361056,0.1567746
16.810666666666666,0.1469909,0.013427734375,722.2744300924177,1005.3800734109158,1289.0625,4.568117e-08,63.33861,70.3125,0.56593126,8.678352,0.12368998
16.832,0.14535646,0.014892578125,728.136802391576,1001.1514552621729,1242.1875,4.7795165e-08,66.78696,375.0,0.60138446,8.467172,0.20837197
16.85333333333333,0.1460553,0.015625,708.1611627731062,969.0324301067742,1125.0,4.7511097e-08,58.602394,375.0,0.633914,8.341925,0.16052173
16.874666666666666,0.14887561,0.013671875,697.0711694594123,951.8323781498659,1136.71875,5.103021e-08,69.6408,375.0,0.62557065,8.548485,0.18725024
16.896,0.1491432,0.014892578125,682.2208075411972,964.0300932613497,1136.71875,4.9901647e-08,65.26956,70.3125,0.5730061,8.327715,0.14938097
16.917333333333332,0.14398383,0.01318359375,693.1203038364941,987.5656296730463,1136.71875,5.3824476e-08,83.22468,70.3125,0.55327004,8.601182,0.11511266
16.938666666666666,0.14701805,0.0126953125,692.1446827143697,1019.3834810494077,1218.75,5.5659015e-08,69.10239,70.3125,0.5580744,8.457619,0.14881526
16.96,0.1562755,0.01416015625,654.9164250896389,994.2118755618799,1195.3125,4.3149313e-08,70.19698,70.3125,0.5219133,8.470796,0.19175398
16.981333333333332,0.1699234,0.011962890625,651.5008285463703,965.538640043569,1125.0,3.717224e-08,66.24403,281.25,0.5314891,8.595018,0.15636353
17.002666666666666,0.17661764,0.0126953125,663.0722885284874,943.6740886136624,1125.0,3.0405005e-08,70.033394,281.25,0.56486255,8.399328,0.2143211
17.024,0.17861703,0.012451171875,652.3800973323058,905.9348130572961,1125.0,2.7136105e-08,64.539185,281.25,0.5795758,8.340223,0.1634234
17.045333333333332,0.17746875,0.013427734375,634.1456697786168,922.7201787122187,1101.5625,2.8825552e-08,55.868645,281.25,0.55602384,8.579378,0.25905424
17.066666666666666,0.17462097,0.01318359375,647.7734561654236,932.1055291479267,1136.71875,2.8608406e-08,49.2805,281.25,0.55565846,8.422849,0.16296911
17.088,0.17591248,0.01318359375,658.957202357522,941.8747861343596,1148.4375,2.7983459e-08,57.25098,281.25,0.6037965,8.51802,0.19430147
17.109333333333332,0.1708108,0.0126953125,617.1447206772766,930.0962194598595,1101.5625,2.9640448e-08,61.45867,281.25,0.60012263,8.757753,0.14622898
17.130666666666666,0.16530669,0.01171875,605.6208760848394,918.9987110171232,1019.53125,2.8906634e-08,50.530758,70.3125,0.5716959,8.51556,0.15808393
17.152,0.16027367,0.011474609375,630.2935531976531,958.8483446102466,1113.28125,3.1358308e-08,43.709194,70.3125,0.5486698,8.76022,0.13211054
17.173333333333332,0.1568199,0.01171875,652.7920338514025,962.4784697421379,1136.71875,3.2847435e-08,55.456585,70.3125,0.53951365,8.475272,0.15690604
17.194666666666667,0.15378271,0.01220703125,652.7020346348561,973.202964964373,1148.4375,3.4684195e-08,68.626045,70.3125,0.58119005,8.355032,0.16691124
17.216,0.15314467,0.0126953125,650.8438317207848,962.0255790533445,1136.71875,3.549047e-08,66.29778,70.3125,0.5899664,8.7830515,0.14155294
17.237333333333332,0.1590127,0.014404296875,640.2707002741429,929.9474024958138,1125.0,3.3979923e-08,44.744965,70.3125,0.5760963,8.407991,0.19794372
17.258666666666667,0.16309285,0.012939453125,636.7988169177547,901.7996912703704,1113.28125,3.4426634e-08,71.19932,70.3125,0.5573211,8.73086,0.14533597
17.28,0.16622275,0.012451171875,629.2362490616473,895.6758782853491,1113.28125,3.3718052e-08,69.45051,70.3125,0.5244924,8.432643,0.2562816
17.301333333333332,0.1631907,0.011962890625,644.3007772453982,914.1142574847568,1136.71875,3.483658e-08,88.46917,117.1875,0.5265522,8.287867,0.11965223
17.322666666666667,0.15878537,0.01123046875,630.9360263302896,937.129487682136,1136.71875,3.8207954e-08,59.470226,117.1875,0.51174206,8.524679,0.2154194
17.344,0.16022068,0.01171875,643.6307495869115,940.7871013742921,1136.71875,3.8493553e-08,69.351494,117.1875,0.5245577,8.560099,0.18105714
17.365333333333332,0.16762386,0.012451171875,636.2480777243018,908.138066470106,1125.0,3.1905195e-08,46.993073,117.1875,0.524414,8.577555,0.25460368
17.386666666666667,0.17524011,0.0126953125,617.1662714783881,861.5616115586926,1089.84375,2.6141059e-08,80.3542,105.46875,0.5756983,8.282906,0.09608201
17.408,0.17593445,0.012939453125,612.2832353320307,853.5316096734367,1019.53125,2.4591314e-08,73.60314,281.25,0.570315,8.490047,0.25248203
17.429333333333332,0.173689,0.013671875,628.0129966890066,886.9039710312026,1113.28125,2.7669229e-08,49.68626,281.25,0.56460434,8.310705,0.17132096
17.450666666666667,0.16691193,0.01318359375,628.0451545218224,879.8573981844511,1125.0,2.892813e-08,54.48233,281.25,0.60027874,8.761676,0.1923462
17.472,0.1617848,0.01220703125,625.5494836550357,892.0375032334573,1113.28125,2.829134e-08,53.76575,281.25,0.6184449,8.353518,0.20586778
17.493333333333332,0.15422116,0.01220703125,613.1444062306276,893.3658153542915,1101.5625,3.1077928e-08,64.19931,281.25,0.6003807,8.347443,0.104606695
17.514666666666667,0.14350787,0.01220703125,611.4859442796112,914.0372522477884,1113.28125,3.2997434e-08,62.818672,281.25,0.5813611,8.385029,0.10458259
17.536,0.13908166,0.012939453125,650.3393245673569,929.0496246844305,1136.71875,3.974768e-08,62.768284,281.25,0.57524294,8.486109,0.107988514
17.557333333333332,0.13744366,0.0146484375,634.0507203491339,901.8569314579455,1136.71875,3.8591402e-08,66.71176,375.0,0.62554586,8.572506,0.15060948
17.578666666666667,0.14067689,0.014404296875,615.5391973279081,900.0729658109581,1125.0,3.2828808e-08,56.959187,375.0,0.65346605,8.485165,0.15342754
17.6,0.13888602,0.01513671875,620.4235192723647,887.9445630631561,1113.28125,2.9024879e-08,42.807693,375.0,0.6692339,8.303328,0.08595024
17.621333333333332,0.13693826,0.015380859375,628.0385790149676,859.0333148262939,1113.28125,3.1392844e-08,39.391888,375.0,0.6446521,8.27005,0.1306364
17.642666666666667,0.12722313,0.0146484375,633.9748640417241,843.8652190681072,1113.28125,3.7985664e-08,57.846687,375.0,0.61586046,8.700329,0.16369188
17.664,0.11320641,0.014404296875,663.8864273905164,878.6830396479136,1125.0,4.9347378e-08,71.55523,375.0,0.6152777,8.5012245,0.1302507
17.685333333333332,0.10425455,0.013427734375,678.2671435558473,924.4433653475528,1136.71875,6.2789546e-08,60.881207,70.3125,0.6015077,8.454607,0.08471707
17.706666666666667,0.08867881,0.01416015625,673.0979998223938,968.9050302683722,1265.625,6.98358e-08,44.634346,117.1875,0.4984635,8.317577,0.09399982
17.728,0.08439995,0.014892578125,697.0576697853667,973.4875387587292,1335.9375,9.509652e-08,38.701256,105.46875,0.48371357,8.006187,0.058368914
17.749333333333333,0.090352215,0.01416015625,678.3298272015224,1081.8021781435596,1125.0,3.9866103e-07,39.828663,117.1875,0.48422238,8.193663,0.10701124
17.770666666666667,0.09580119,0.015380859375,675.8832807267576,1201.7219957051084,1113.28125,5.4431393e-07,51.387962,117.1875,0.49943393,8.975924,0.11960858
17.792,0.099952675,0.014892578125,621.3815331074779,1030.3039809831216,1019.53125,3.0800794e-07,59.707542,281.25,0.5421958,8.239035,0.11253157
17.813333333333333,0.10030423,0.01416015625,616.3271264607923,867.1695630711797,1125.0,7.026455e-08,39.454113,281.25,0.5721429,7.829029,0.09659866
17.834666666666667,0.094239645,0.014892578125,612.9020884649955,846.9020605292569,1125.0,3.3131318e-08,41.801643,70.3125,0.5979562,8.422836,0.10203616
17.856,0.090181924,0.011962890625,581.413373873715,842.7147972736931,949.21875,3.4323264e-08,37.528473,70.3125,0.57287484,8.386377,0.07695685
17.877333333333333,0.08648317,0.0107421875,573.938431492567,860.3220968902735,960.9375,3.657133e-08,34.430614,70.3125,0.5803723,8.373289,0.057856336
17.898666666666667,0.08288164,0.011474609375,624.9068192950793,932.9550036890668,1136.71875,4.006789e-08,35.4643,70.3125,0.5656751,8.637274,0.050036464
17.92,0.083972014,0.010986328125,611.1738955586654,892.7645171101015,1136.71875,3.74605e-08,27.498991,70.3125,0.5462153,8.137155,0.108665265
17.941333333333333,0.085797906,0.01220703125,583.1512942381654,856.7687756013436,1125.0,3.371563e-08,35.8731,70.3125,0.5876156,8.38031,0.10372451
17.962666666666667,0.088956505,0.010986328125,558.1082803951678,833.2745292323723,937.5,3.0635064e-08,25.269825,187.5,0.6277078,8.467277,0.09544705
17.984,0.08857447,0.010009765625,560.3211550210262,838.071235080859,937.5,3.269832e-08,19.791864,70.3125,0.63469577,8.467388,0.06383489
18.005333333333333,0.08582491,0.01025390625,566.8743877033369,819.72117968954,960.9375,2.9209355e-08,26.951954,70.3125,0.6014079,8.483976,0.069547564
18.026666666666667,0.07946976,0.012939453125,568.0216442267691,794.9000585855043,949.21875,2.6140368e-08,39.7429,281.25,0.55529225,8.215341,0.087998144
18.048,0.07308014,0.01416015625,592.9897973507922,804.7974393770695,1101.5625,2.6232884e-08,41.276787,281.25,0.5370156,8.711958,0.053196672
18.069333333333333,0.06828921,0.014404296875,595.4679879695287,839.5293226558409,1078.125,2.7965479e-08,36.90146,70.3125,0.5267786,8.282677,0.08688667
18.090666666666667,0.0659188,0.015380859375,603.4995317822961,854.2735460703661,1125.0,2.8758093e-08,35.36075,105.46875,0.47824964,8.494553,0.031221552
18.112,0.06486151,0.01318359375,606.6771987931169,846.7418922384499,1125.0,2.7538805e-08,23.792723,117.1875,0.50343674,8.204691,0.06530658
18.133333333333333,0.064976096,0.013427734375,573.8428612806398,806.041925444314,949.21875,2.6208472e-08,31.39039,117.1875,0.5696286,8.470953,0.07448789
18.154666666666667,0.06496176,0.013916015625,552.1499721188446,790.6441582120051,855.46875,2.4069475e-08,26.005966,281.25,0.5820941,8.684015,0.08329095
18.176,0.061137084,0.013671875,579.2273404024048,814.897369030023,1101.5625,2.5945745e-08,26.979212,281.25,0.5871968,8.326349,0.04492163
18.197333333333333,0.055216663,0.013427734375,626.1851054251144,823.5711609442252,1125.0,2.6643892e-08,25.09279,105.46875,0.550823,8.271589,0.04623851
18.218666666666667,0.04730542,0.013916015625,660.9514273900734,866.8022726098471,1148.4375,3.4612395e-08,26.562021,105.46875,0.5460842,8.439431,0.062810786
18.24,0.04176355,0.013671875,662.1863086035811,897.1508412582895,1148.4375,4.5711406e-08,23.346592,105.46875,0.5328956,8.659124,0.041341465
18.261333333333333,0.039567407,0.012939453125,667.7391399097048,923.4754296437002,1195.3125,5.594231e-08,17.802984,105.46875,0.50774795,8.422389,0.016940134
18.282666666666668,0.042074848,0.013916015625,678.6424892779958,924.0594004264655,1300.78125,5.5188657e-08,22.807022,70.3125,0.5091479,8.478098,0.023626706
18.304,0.045320377,0.0146484375,634.1533961201264,852.7723489011879,1136.71875,3.8909192e-08,29.26671,375.0,0.56011367,8.688606,0.056560043
18.325333333333333,0.0471849,0.014404296875,589.2356818279677,796.7044898182153,1113.28125,3.0828915e-08,23.604446,375.0,0.6099305,8.75167,0.05550765
18.346666666666668,0.04694313,0.016357421875,598.8194004962916,825.5794406760273,1113.28125,3.1898793e-08,21.883549,375.0,0.6303482,8.458708,0.041508757
18.368,0.044930212,0.01611328125,609.7755691796068,822.2125853441568,1054.6875,3.7135973e-08,18.887657,375.0,0.62551934,8.02416,0.034240935
18.389333333333333,0.041664142,0.0166015625,604.4949558839459,807.9949619964093,960.9375,4.5888434e-08,17.561758,281.25,0.59587145,8.138689,0.03855732
18.410666666666668,0.039159972,0.017578125,605.2208324240343,795.215416322086,949.21875,5.654345e-08,23.2048,281.25,0.601885,8.864368,0.03811707
18.432,0.036653474,0.016357421875,624.7466549247091,822.3193095062047,1089.84375,5.8541165e-08,20.486225,562.5,0.6065207,8.308182,0.031101355
18.453333333333333,0.03610115,0.015869140625,632.6466712363567,869.2124698932255,1101.5625,5.786957e-08,16.8532,105.46875,0.54737675,8.247693,0.025441574
18.474666666666668,0.036466755,0.01416015625,624.4376036073476,849.3309458327446,1125.0,5.417131e-08,14.158983,117.1875,0.5355114,8.487417,0.024101539
18.496,0.036897644,0.012939453125,578.7037516754576,795.5676906414586,1031.25,4.769314e-08,12.322181,117.1875,0.55021185,8.53259,0.05323567
18.517333333333333,0.03769378,0.013916015625,554.8602328255954,771.0994084982192,867.1875,3.913597e-08,14.413141,105.46875,0.5586889,8.447046,0.029470691
18.538666666666668,0.037586965,0.0146484375,554.614076484965,771.8244519426396,867.1875,4.7918952e-08,14.09062,105.46875,0.5824467,8.2224245,0.037447788
18.56,0.03707667,0.014892578125,584.2972131553968,800.9342452290248,1113.28125,6.277418e-08,14.754215,105.46875,0.53417355,8.616385,0.034415007
18.581333333333333,0.035266414,0.0146484375,592.4928202949301,808.7268157937161,1113.28125,6.2670665e-08,16.4049,70.3125,0.5193228,8.524254,0.03753566
18.602666666666668,0.03342403,0.0146484375,584.8813867513234,788.6718905646975,1101.5625,4.9420592e-08,9.347867,70.3125,0.528694,8.235219,0.022768844
18.624,0.03222081,0.013916015625,549.426462527404,780.3003092938307,867.1875,4.5816556e-08,14.110662,70.3125,0.5450856,8.340174,0.025005305
18.645333333333333,0.031145357,0.01318359375,554.1258128221618,801.6847813577547,878.90625,5.877019e-08,10.558817,70.3125,0.51728445,8.527052,0.012934141
18.666666666666668,0.031171493,0.012451171875,558.3416325463726,789.3541970679619,937.5,6.2041316e-08,16.07527,70.3125,0.5150146,8.335617,0.025704728
18.688,0.030380854,0.01123046875,568.8130474774501,794.4195631284947,949.21875,5.9149745e-08,11.847324,375.0,0.559727,8.514755,0.03669066
18.709333333333333,0.0282458,0.0107421875,573.8128246024373,817.578958568826,1078.125,5.7499005e-08,9.330151,375.0,0.53966093,8.324448,0.01733165
18.730666666666668,0.026053963,0.01123046875,570.8880184507185,829.5592409601859,1042.96875,7.15221e-08,11.704646,105.46875,0.5269875,8.027372,0.02609861
18.752,0.02519555,0.011962890625,588.1947233231059,825.0959818189575,1007.8125,7.932576e-08,12.741672,105.46875,0.537008,8.561646,0.010478648
18.773333333333333,0.025501082,0.011962890625,589.2205243084703,798.4052861360215,949.21875,7.386392e-08,11.268635,105.46875,0.5358375,8.451422,0.02634876
18.794666666666668,0.024997758,0.012939453125,588.2418612575184,799.34649755577,960.9375,7.3029796e-08,10.515656,105.46875,0.5422954,8.406311,0.019515676
18.816,0.02503145,0.014404296875,571.7652123348815,822.7466648118075,949.21875,8.170007e-08,7.4411283,105.46875,0.52203983,8.514192,0.026283754
18.837333333333333,0.02552885,0.014404296875,561.4725780099673,822.9374050150608,972.65625,1.1009617e-07,9.493092,105.46875,0.49070674,8.4394655,0.013795995
18.858666666666668,0.02595745,0.013427734375,546.9868474808042,786.2322190525205,960.9375,9.866341e-08,11.154213,105.46875,0.53895384,8.364826,0.018947408
18.88,0.02537791,0.014892578125,517.9229166502167,728.9557596915505,855.46875,6.6327104e-08,7.8848615,105.46875,0.55503523,8.073704,0.035099443
18.901333333333334,0.02491491,0.013427734375,522.298787358482,717.9573029694909,843.75,5.077692e-08,8.182407,105.46875,0.56515664,8.236649,0.021599455
18.922666666666668,0.022704976,0.0146484375,537.4155835249933,739.0398398520466,855.46875,4.818523e-08,9.835825,117.1875,0.5595543,8.507994,0.018777622
18.944,0.020666933,0.015380859375,574.3146075005974,751.3180289914783,1089.84375,5.608551e-08,10.399536,117.1875,0.5630284,8.276002,0.013469906
18.965333333333334,0.019646928,0.014892578125,579.3914110907588,744.7020311048599,1089.84375,5.3769362e-08,7.6173267,105.46875,0.5998369,8.401836,0.026064206
18.986666666666668,0.018216556,0.016357421875,569.2292190752054,749.2585298777553,937.5,7.819629e-08,7.42634,105.46875,0.5885271,8.566599,0.011033014
19.008,0.01751083,0.015869140625,587.6301103245185,789.6103287692499,937.5,1.02655754e-07,7.5159774,105.46875,0.5610808,8.196865,0.010874694
19.029333333333334,0.016831899,0.016357421875,590.9066236221486,790.5356197014611,937.5,1.00401685e-07,9.750847,281.25,0.56583595,8.4603405,0.010525581
19.050666666666668,0.017672837,0.015380859375,556.0205774539494,729.4075664645476,937.5,7.039709e-08,9.545426,375.0,0.609626,8.173885,0.020472057
19.072,0.017214632,0.013671875,551.7487779857378,730.0572067717926,937.5,6.8040194e-08,5.1745524,375.0,0.62861,8.554654,0.019408869
19.093333333333334,0.015995987,0.0126953125,556.8036654380705,772.2989972361664,937.5,7.716891e-08,5.996327,375.0,0.6051651,8.457179,0.014568732
19.11466666666667,0.014923626,0.01220703125,563.3102584181887,783.3366448161718,937.5,1.0292005e-07,8.542739,281.25,0.58257276,8.273426,0.0056776837
19.136,0.014424809,0.0126953125,589.4889084974963,778.1485821345377,914.0625,1.0290356e-07,8.122886,187.5,0.6097472,8.177377,0.0070379875
19.157333333333334,0.01450408,0.01416015625,575.2498482882407,759.5750548143384,843.75,1.10165594e-07,7.172962,187.5,0.6477354,8.325146,0.011454913
19.17866666666667,0.0142960735,0.015869140625,565.3543863267672,769.5930922485752,843.75,1.13574046e-07,4.715495,187.5,0.6836022,8.466142,0.008781557
19.2,0.013860917,0.01708984375,551.2175160283504,788.8628241246073,832.03125,1.2466397e-07,5.8577394,187.5,0.64719164,8.468928,0.010220742
19.221333333333334,0.01343875,0.016357421875,563.281284235387,813.4110536082634,937.5,1.5291744e-07,7.0338,281.25,0.5832895,8.247019,0.0056939297
19.24266666666667,0.013164575,0.015869140625,547.5052035133582,798.9461727490318,925.78125,1.511597e-07,4.612399,281.25,0.5909314,8.278006,0.011528081
19.264,0.013197769,0.015380859375,565.5940812520774,806.8255830550119,914.0625,1.7395874e-07,6.7990785,105.46875,0.5682442,8.70253,0.010326435
19.285333333333334,0.01330945,0.015380859375,573.7578458094994,793.7966726823333,855.46875,1.9048014e-07,5.6667576,105.46875,0.5890963,8.682174,0.011994633
19.30666666666667,0.012790532,0.015625,560.0323550391574,750.8774708040568,867.1875,1.5981975e-07,5.3437614,105.46875,0.6002498,8.222126,0.008031024
19.328,0.011991486,0.015625,560.433567745611,756.6754062916709,925.78125,1.42384e-07,5.6774397,281.25,0.6127238,8.147085,0.007867804
19.349333333333334,0.011282101,0.0146484375,573.2923791971693,810.0738107299011,937.5,2.0286207e-07,4.2920566,105.46875,0.6094026,8.553424,0.009142151
19.370666666666665,0.010675265,0.014404296875,571.7680994776507,824.9915503792172,925.78125,2.5263887e-07,6.26902,105.46875,0.5694818,8.334475,0.0062925736
19.392,0.010258238,0.01416015625,567.6299125911247,777.8166585974134,925.78125,2.2409422e-07,3.8449922,105.46875,0.530964,8.209718,0.0045258505
19.413333333333334,0.010288259,0.013671875,536.881149800095,745.0583984413588,832.03125,1.341837e-07,6.194009,105.46875,0.567619,8.480682,0.006306253
19.434666666666665,0.010490998,0.013671875,527.5919362109612,717.7794361280885,855.46875,1.03837216e-07,4.666989,281.25,0.5812079,8.507556,0.012164777
19.456,0.010088347,0.0126953125,531.7877483418877,721.0146503924154,855.46875,1.02634345e-07,3.133704,281.25,0.57415575,8.260599,0.008005753
19.477333333333334,0.009577885,0.010986328125,537.7472353449516,802.6689401349046,867.1875,1.3186404e-07,4.4332156,105.46875,0.5590647,8.334777,0.0074511403
19.498666666666665,0.0091103185,0.01123046875,548.6449639251769,826.0450879796239,914.0625,1.8782642e-07,4.3036504,105.46875,0.538986,8.582145,0.0017780648
19.52,0.009043318,0.011962890625,530.0550318466514,766.4211592110391,843.75,1.8169264e-07,3.6120732,105.46875,0.52692854,8.242161,0.0075135934
19.541333333333334,0.009181248,0.011962890625,514.9865212927698,752.1949537350001,820.3125,1.4952883e-07,4.776539,375.0,0.58099234,8.542875,0.005685046
19.562666666666665,0.009469324,0.013916015625,500.83368041944624,785.8228568427799,773.4375,1.6217578e-07,2.9852,375.0,0.5920814,8.510002,0.006763856
19.584,0.009383921,0.01318359375,520.3984730650785,805.8114659460971,843.75,1.8200645e-07,4.13087,281.25,0.5744328,8.60973,0.0071224677
19.605333333333334,0.008663157,0.013427734375,518.7004374026535,779.5086152228437,925.78125,1.6022594e-07,4.628813,281.25,0.5398846,8.258169,0.005785328
19.626666666666665,0.008206231,0.012939453125,506.9055952403512,726.5937559670211,832.03125,1.4167448e-07,4.205208,281.25,0.5265358,8.3120365,0.0067632315
19.648,0.007600689,0.011962890625,536.8373835084323,749.907188350425,843.75,2.0358493e-07,3.8864195,70.3125,0.5608948,8.563365,0.0050038695
19.669333333333334,0.0070683444,0.0126953125,555.1022256939714,784.8997156861471,855.46875,2.9227667e-07,4.485511,70.3125,0.5964837,8.14483,0.0059541925
19.690666666666665,0.0067407805,0.01318359375,592.2143696160264,797.7401946855052,937.5,3.7096467e-07,3.329895,187.5,0.58094805,8.552254,0.0029281625
19.712,0.006226358,0.015625,599.9955282917191,806.2704436691008,984.375,3.9390733e-07,3.6989396,187.5,0.66015387,8.794892,0.007934412
19.733333333333334,0.005843297,0.0166015625,606.748832726223,809.5120742573986,972.65625,4.3719416e-07,2.7743542,375.0,0.65554464,8.111019,0.0035107995
19.754666666666665,0.0056846105,0.016357421875,615.5482150162254,850.048968594761,949.21875,6.000253e-07,3.3538373,375.0,0.61180764,8.369179,0.0020701867
19.776,0.0059495308,0.01513671875,614.1290714243098,872.4934805385067,937.5,5.251887e-07,3.6808083,375.0,0.59331083,8.323157,0.0036064044
19.797333333333334,0.006343518,0.014404296875,570.0777105554989,817.7607132983906,855.46875,3.5536672e-07,4.3307977,281.25,0.6096055,8.231332,0.0040880316
19.818666666666665,0.006830815,0.014404296875,555.0695544552044,819.4281888263166,832.03125,3.2786386e-07,2.8197696,281.25,0.6175949,8.617233,0.008145158
19.84,0.0068699075,0.01416015625,547.3259518427468,861.8731271479578,820.3125,3.8650708e-07,2.30396,281.25,0.6218301,8.302963,0.0036332493
19.861333333333334,0.006441587,0.014892578125,550.9827969051516,894.8085537615682,820.3125,5.7666193e-07,2.4182932,281.25,0.6180671,8.379383,0.0018456836
19.882666666666665,0.006020717,0.01513671875,567.2401614864158,928.8707965300225,855.46875,6.7650655e-07,2.2569356,281.25,0.607208,8.334515,0.0031068323
19.904,0.005544022,0.014892578125,566.7413661944111,906.9341237505593,843.75,5.8963764e-07,3.6228235,375.0,0.60502374,8.33192,0.0032491372
19.925333333333334,0.005101255,0.01513671875,552.7655940502104,901.4117520776848,832.03125,4.970607e-07,2.2505574,375.0,0.6091956,8.504842,0.0035056705
19.946666666666665,0.00498515,0.01318359375,566.8432921048644,954.59332205053,832.03125,7.472523e-07,2.4842691,70.3125,0.5735855,8.494633,0.0019150324
19.968,0.005011995,0.011962890625,577.7076399223494,1015.5626450396643,949.21875,1.0056465e-06,3.587614,70.3125,0.5210805,8.40548,0.0034717002
19.989333333333335,0.004830846,0.01220703125,551.6857947538429,985.7955570848392,902.34375,8.171825e-07,2.2817197,281.25,0.5069309,8.09716,0.0039648046
20.010666666666665,0.005093724,0.01123046875,534.7824337308518,1032.0662497599144,820.3125,1.0321901e-06,2.1495304,70.3125,0.5683021,6.1986017,0.0032660433
20.032,0.0044515915,0.00927734375,657.0812585739804,1773.437699206985,832.03125,2.2596327e-05,2.6875193,70.3125,0.5479918,8.137186,0.003611251
